timestamp,x,y,"00:08:9f:7e:73:f6,2.4,irunsipal","00:40:5a:af:48:82,2.4,U+zone","00:40:5a:af:48:83,2.4,FREE_U+zone","00:40:5a:af:68:61,2.4,U+village","00:40:5a:af:68:62,2.4,U+zone","00:40:5a:af:68:63,2.4,FREE_U+zone","00:40:5a:af:7b:2a,2.4,U+zone","00:40:5a:af:7b:2b,2.4,FREE_U+zone",,"00:40:5a:af:98:ba,2.4,U+zone",,"00:40:5a:af:c2:8a,2.4,U+zone","00:40:5a:af:ca:39,2.4,U+village","00:40:5a:af:ca:3a,2.4,U+zone","00:40:5a:af:ca:3b,2.4,FREE_U+zone","00:40:5a:af:e1:99,2.4,U+village","00:40:5a:af:e1:9a,2.4,U+zone","00:40:5a:af:e1:9b,2.4,FREE_U+zone","1c:39:29:23:98:f4,2.4,AT_401_CST_570004_WW_98f4","1c:39:29:23:99:2a,2.4,AT_401_CST_570004_WW_992a","1c:39:29:23:99:38,2.4,AT_401_CST_570004_WW_9938","1c:39:29:23:99:41,2.4,AT_401_CST_570004_WW_9941","1c:39:29:23:99:e6,2.4,AT_401_CST_570004_WW_99e6","1c:39:29:23:99:fb,2.4,AT_401_CST_570004_WW_99fb","1c:39:29:23:c5:94,2.4,AT_401_CST_570004_WW_c594","1c:39:29:28:66:24,2.4,AT_401_CST_570004_WW_6624","1c:39:29:28:66:52,2.4,AT_401_CST_570004_WW_6652","1c:bf:ce:2d:aa:95,2.4,GNET_BB_L2_2DAA95","1c:e8:9e:63:97:1c,2.4,Samsung Floor A/C_E50AJTAF189T","1e:39:29:b7:ea:ba,2.4,[LG_AirPurifier]eaba","24:f2:7f:ff:5c:e2,2.4,Hallym WiFi","24:f2:7f:ff:5c:e3,2.4,eduroam","24:f2:7f:ff:5c:f2,5.0,Hallym WiFi","24:f2:7f:ff:5c:f3,5.0,eduroam","24:f2:7f:ff:5c:f4,5.0,Hallym Univ","24:f2:7f:ff:5d:23,2.4,eduroam","24:f2:7f:ff:5d:24,2.4,Hallym Univ","24:f2:7f:ff:5d:33,5.0,eduroam","24:f2:7f:ff:5d:34,5.0,Hallym Univ","24:f2:7f:ff:5d:b2,5.0,Hallym WiFi","24:f2:7f:ff:5d:b3,5.0,eduroam","24:f2:7f:ff:5d:b4,5.0,Hallym Univ","24:f2:7f:ff:5e:82,2.4,Hallym WiFi","24:f2:7f:ff:5e:83,2.4,eduroam","24:f2:7f:ff:5e:92,5.0,Hallym WiFi","24:f2:7f:ff:5e:93,5.0,eduroam","24:f2:7f:ff:5e:94,5.0,Hallym Univ","24:f2:7f:ff:61:02,2.4,Hallym WiFi","24:f2:7f:ff:61:12,5.0,Hallym WiFi","24:f2:7f:ff:61:13,5.0,eduroam","24:f2:7f:ff:61:14,5.0,Hallym Univ","24:f2:7f:ff:61:22,2.4,Hallym WiFi","24:f2:7f:ff:61:23,2.4,eduroam","24:f2:7f:ff:61:24,2.4,Hallym Univ","24:f2:7f:ff:61:32,5.0,Hallym WiFi","24:f2:7f:ff:61:33,5.0,eduroam","24:f2:7f:ff:61:34,5.0,Hallym Univ","24:f2:7f:ff:61:62,2.4,Hallym WiFi","24:f2:7f:ff:61:63,2.4,eduroam","24:f2:7f:ff:61:64,2.4,Hallym Univ","24:f2:7f:ff:61:72,5.0,Hallym WiFi","24:f2:7f:ff:61:73,5.0,eduroam","24:f2:7f:ff:61:74,5.0,Hallym Univ","24:f2:7f:ff:63:a2,2.4,Hallym WiFi","24:f2:7f:ff:63:a3,2.4,eduroam","24:f2:7f:ff:63:a4,2.4,Hallym Univ","24:f2:7f:ff:63:b2,5.0,Hallym WiFi","24:f2:7f:ff:63:b3,5.0,eduroam","24:f2:7f:ff:63:b4,5.0,Hallym Univ","24:f2:7f:ff:64:e2,2.4,Hallym WiFi","24:f2:7f:ff:64:e3,2.4,eduroam","24:f2:7f:ff:64:e4,2.4,Hallym Univ","24:f2:7f:ff:64:f2,5.0,Hallym WiFi","24:f2:7f:ff:64:f3,5.0,eduroam","24:f2:7f:ff:64:f4,5.0,Hallym Univ","24:f2:7f:ff:65:72,5.0,Hallym WiFi","24:f2:7f:ff:65:73,5.0,eduroam","24:f2:7f:ff:65:74,5.0,Hallym Univ","24:f2:7f:ff:80:12,5.0,Hallym WiFi","24:f2:7f:ff:80:13,5.0,eduroam","24:f2:7f:ff:80:14,5.0,Hallym Univ","24:f2:7f:ff:80:62,2.4,Hallym WiFi","24:f2:7f:ff:80:63,2.4,eduroam","24:f2:7f:ff:80:64,2.4,Hallym Univ","24:f2:7f:ff:80:72,5.0,Hallym WiFi","24:f2:7f:ff:80:73,5.0,eduroam","24:f2:7f:ff:80:74,5.0,Hallym Univ","24:f2:7f:ff:84:24,2.4,Hallym Univ","24:f2:7f:ff:84:32,5.0,Hallym WiFi","24:f2:7f:ff:84:33,5.0,eduroam","24:f2:7f:ff:84:34,5.0,Hallym Univ","24:f2:7f:ff:84:e4,2.4,Hallym Univ","24:f2:7f:ff:84:f2,5.0,Hallym WiFi","24:f2:7f:ff:84:f3,5.0,eduroam","24:f2:7f:ff:84:f4,5.0,Hallym Univ","24:f2:7f:ff:85:a2,2.4,Hallym WiFi","24:f2:7f:ff:85:a3,2.4,eduroam","24:f2:7f:ff:85:a4,2.4,Hallym Univ","24:f2:7f:ff:85:b2,5.0,Hallym WiFi","24:f2:7f:ff:85:b3,5.0,eduroam","24:f2:7f:ff:85:b4,5.0,Hallym Univ","32:24:a9:58:f8:70,2.4,DIRECT-70-HP OfficeJet Pro 8210","38:17:c3:c1:de:82,2.4,Hallym WiFi","38:17:c3:c1:de:83,2.4,eduroam","38:17:c3:c1:de:84,2.4,Hallym Univ","38:17:c3:c2:10:b2,5.0,Hallym WiFi","38:17:c3:c2:10:b3,5.0,eduroam","38:17:c3:c2:10:b4,5.0,Hallym Univ","38:17:c3:c2:13:a3,2.4,eduroam","38:17:c3:c2:14:44,2.4,eduroam","38:17:c3:c2:14:52,5.0,Hallym WiFi","38:17:c3:c2:14:53,5.0,Hallym Univ","38:17:c3:c2:14:54,5.0,eduroam","38:17:c3:c2:15:02,2.4,Hallym WiFi","38:17:c3:c2:15:03,2.4,eduroam","38:17:c3:c2:15:04,2.4,Hallym Univ","38:17:c3:c2:15:12,5.0,Hallym WiFi","38:17:c3:c2:15:13,5.0,eduroam","38:17:c3:c2:15:14,5.0,Hallym Univ","3c:d9:2b:a5:cc:fc,2.4,HP-Print-FC-Officejet Pro 8600","40:b8:9a:9a:17:cc,2.4,HP-Print-CC-Color LaserJet Pro","44:48:c1:27:96:02,2.4,Hallym WiFi","44:48:c1:27:96:03,2.4,Hallym Univ","58:86:94:7f:45:6c,2.4,1347","58:86:94:ae:50:ca,2.4,1348-2.4G","58:86:94:ae:50:cb,5.0,1348-5G","5a:86:94:4f:45:6c,5.0,1347_5G","60:d0:2c:0d:4d:58,2.4,KT_FREE_WIFI","60:d0:2c:0d:4d:5c,5.0,KT_FREE_WIFI","60:d0:2c:4d:4d:53,2.4,island-0D4D50","70:5d:cc:ae:25:34,2.4,AV CONTROL","86:25:19:a5:38:51,2.4,DIRECT-51 C51x Series","86:25:19:c5:e3:8e,2.4,DIRECT-8E C56x Series","86:25:19:c6:f7:3f,2.4,DIRECT-3F C56x Series","88:36:6c:9b:0a:f0,2.4,IML1367","88:a9:a7:93:25:bd,2.4,Adventurer 3","b0:38:6c:09:98:10,5.0,1350_5G","b0:38:6c:09:98:12,2.4,1350","b0:38:6c:29:01:2c,2.4,1316","b2:38:6c:49:95:d8,5.0,","bc:10:2f:45:43:8f,2.4,Samsung Room A/C_E50AJTAR195N","bc:10:2f:55:d5:45,2.4,Samsung Room A/C_E50AJTAR107B","bc:10:2f:55:d5:97,2.4,Samsung Room A/C_E50AJTAR138E","cc:88:c7:be:e4:51,5.0,","cc:88:c7:be:e4:52,5.0,Hallym WiFi","de:03:98:3b:9d:2c,2.4,AT_401_CST_570004_WW_9d2c"
1.74766E+12,0.69994157,-0.009044253,-100,-100,-76,-100,-100,-100,-78,-75,,-63,,-100,-100,-100,-100,-66,-68,-66,-100,-76,-100,-100,-100,-100,-100,-100,-100,-100,-100,-73,-100,-100,-100,-100,-100,-100,-100,-100,-100,-100,-100,-100,-100,-100,-60,-60,-60,-75,-64,-64,-64,-100,-100,-100,-100,-100,-100,-100,-100,-100,-78,-78,-78,-100,-100,-100,-69,-69,-69,-68,-68,-68,-71,-71,-71,-100,-100,-100,-100,-100,-100,-100,-100,-100,-100,-100,-100,-100,-100,-100,-100,-100,-100,-100,-100,-77,-62,-100,-100,-76,-100,-71,-100,-100,-100,-100,-100,-100,-100,-82,-70,-70,-100,-100,-100,-100,-100,-100,-100,-100,-100,-100,-100,-100,-100,-100,-100,-100,-100,-100,-100,-100,-100,-100,-100,-100,-81,-100,-80,-100,-100,-76,-100,-100,-100,-77
1.74766E+12,1.399939532,-0.00735504,-100,-100,-76.77898109,-96.36503997,-95.2328974,-94.93692231,-85.18146385,-83.35262823,,-61.80324825,,-100,-93.98108263,-92.67318335,-100,-67.76481051,-68.67807885,-76.57887392,-100,-74.81749044,-99.31911008,-100,-100,-100,-100,-100,-100,-95.2328974,-100,-79.66710604,-90.7851321,-92.26889782,-100,-100,-100,-100,-100,-100,-99.7997439,-99.79369951,-99.81097534,-99.81097534,-100,-100,-58.85148728,-61.35124719,-61.3511886,-81.17841895,-62.95247582,-62.95247582,-62.9441075,-100,-100,-100,-99.71610351,-99.72065254,-100,-96.07042435,-95.45473452,-95.76969074,-78.82064423,-78.82064423,-78.82051372,-87.51949094,-87.51949094,-87.63883902,-66.46618674,-66.46297386,-66.52134048,-75.89042144,-75.89042144,-75.89042144,-68.5511565,-68.59122288,-80.0957748,-100,-100,-100,-100,-99.8382795,-99.82702865,-100,-100,-100,-100,-99.40340481,-100,-99.4709177,-99.7593277,-99.7593277,-100,-100,-100,-99.72519106,-99.72519106,-76.65574364,-62.70627338,-91.89775818,-100,-83.89237058,-100,-66.84379479,-100,-100,-100,-99.84578483,-99.80542556,-99.80542556,-100,-86.47373269,-68.49337122,-68.48148313,-91.14970308,-91.37870469,-100,-91.68252527,-93.14809921,-93.15019536,-93.14809921,-100,-99.62311816,-100,-100,-100,-96.10845284,-100,-100,-100,-97.59843343,-100,-100,-99.65685396,-86.33267264,-99.45404474,-100,-100,-87.51454421,-100,-84.95952341,-100,-100,-82.13412726,-100,-100,-99.74221266,-82.79358734
1.74766E+12,2.098815539,0.032297534,-100,-100,-76.57758537,-93.08556837,-91.99443141,-91.45718208,-90.19119228,-89.24121945,,-60.10333473,,-99.90444906,-89.12342553,-86.47257551,-100,-68.68827633,-68.70735751,-84.51429618,-100,-73.65570134,-99.29098775,-99.83410367,-99.61214564,-99.94089831,-100,-100,-100,-91.99443141,-100,-84.7357475,-83.94326111,-86.62578462,-99.92612288,-99.92612288,-99.93104802,-100,-100,-99.88866502,-100,-99.99003718,-100,-100,-100,-100,-58.92684706,-61.92893411,-61.9300188,-85.82122136,-61.52278054,-61.52278054,-61.50965946,-100,-99.92360188,-100,-99.98125725,-100,-100,-92.66358771,-91.57790165,-92.1100967,-78.46478067,-78.46478067,-78.48769547,-78.04284571,-78.04284571,-78.41459724,-65.12295291,-65.11145434,-65.02738467,-82.02158702,-82.02158702,-82.02158702,-66.21425787,-67.01893553,-86.71915573,-100,-100,-100,-100,-100,-100,-100,-100,-100,-100,-99.41689137,-100,-99.51756681,-99.94126202,-99.94126202,-99.90032791,-100,-99.88866502,-100,-100,-76.60892051,-64.30900144,-85.61790073,-100,-89.52679401,-100,-64.38126237,-100,-100,-100,-100,-100,-100,-99.94744937,-89.61865129,-67.98479136,-68.00813433,-84.76192688,-85.01633637,-99.91206475,-85.52356484,-88.02222543,-88.01945342,-88.02222543,-100,-99.74304056,-99.91078967,-99.91078967,-100,-91.90274613,-100,-100,-100,-94.92195104,-100,-100,-99.89509584,-75.86264289,-99.49247415,-100,-100,-92.00180337,-100,-88.53387338,-100,-100,-86.96695946,-100,-100,-99.91672328,-87.31637821
1.74766E+12,2.798672844,0.046430902,-100,-100,-76.02583748,-90.10676861,-89.46485148,-88.74029991,-93.91611797,-93.56555868,,-58.35456398,,-99.67037704,-84.5559659,-80.94979643,-100,-69.22670718,-68.52207506,-90.52982624,-100,-72.73813805,-99.48141155,-99.657226,-99.24717074,-99.79990919,-100,-100,-100,-89.46485148,-100,-89.08655906,-78.61701887,-82.22982322,-99.74988649,-99.74988649,-99.76656072,-100,-100,-99.70522894,-100,-100,-100,-100,-100,-99.93664869,-59.5656776,-62.24224503,-62.24414817,-89.81151487,-60.09908724,-60.09908724,-60.08490956,-100,-99.73858885,-99.88546491,-100,-100,-100,-89.44875789,-88.00375559,-88.59349863,-77.71119519,-77.71119519,-77.74997206,-70.67203773,-70.67203773,-71.17888628,-64.00415987,-63.98819777,-63.79344681,-87.27191849,-87.27191849,-87.27191849,-64.23315026,-65.69076027,-91.73169359,-100,-100,-100,-100,-100,-100,-99.94956274,-99.97540468,-99.93664869,-100,-99.61352842,-100,-99.71907056,-100,-100,-99.7163016,-100,-99.70522894,-100,-100,-76.48627796,-66.30644059,-80.22458205,-100,-93.69120339,-100,-62.88731462,-100,-100,-100,-100,-100,-100,-99.76195377,-92.34075867,-67.98862228,-68.04116653,-79.73936076,-80.06219648,-99.68609925,-80.72859216,-83.76667544,-83.76005778,-83.76667544,-100,-99.95445251,-99.68346081,-99.68346081,-100,-87.8693981,-100,-100,-100,-92.330073,-100,-100,-100,-67.72387458,-99.69281322,-100,-99.86016881,-95.2408131,-100,-91.61959304,-100,-100,-91.00225052,-100,-100,-100,-91.12938913
1.74766E+12,3.497966824,0.077862253,-100,-100,-75.16989654,-87.41837395,-87.58859435,-86.72638745,-96.45710882,-96.45135041,,-56.57418126,,-99.47975825,-80.27060528,-76.05425407,-100,-69.43137103,-68.16040506,-94.7985481,-100,-72.05528095,-99.84698109,-99.50776744,-98.96977538,-99.68522187,-100,-100,-100,-87.58859435,-100,-92.768083,-74.68613675,-78.98228631,-99.60652734,-99.60652734,-99.63275885,-100,-100,-99.536792,-100,-100,-100,-100,-100,-99.71489312,-60.71228129,-62.32324146,-62.32567291,-93.19320313,-58.70707411,-58.70707411,-58.6949288,-100,-99.56052053,-99.67398745,-100,-100,-100,-86.40953764,-84.70638563,-85.21885903,-76.6003343,-76.6003343,-76.64862892,-65.23943302,-65.23943302,-65.78111511,-63.09603878,-63.07887495,-62.80238572,-91.70154452,-91.70154452,-91.70154452,-62.59697677,-64.59694459,-95.27244467,-100,-100,-100,-100,-100,-100,-99.72527905,-99.74608419,-99.71489312,-100,-99.95583216,-100,-100,-100,-100,-99.54459526,-100,-99.536792,-100,-100,-76.29229939,-68.63297359,-75.65613493,-100,-96.50823236,-100,-62.2768929,-100,-100,-100,-100,-100,-100,-99.57788435,-94.66768634,-68.46148369,-68.5374337,-75.98019679,-76.40463447,-99.50172467,-77.1893119,-80.32177361,-80.31225054,-80.32177361,-100,-100,-99.4980356,-99.4980356,-100,-84.02012138,-100,-100,-100,-89.83061029,-100,-100,-100,-61.73026656,-100,-100,-99.6539416,-97.34350213,-100,-94.24896711,-100,-100,-94.30641309,-100,-100,-100,-94.2883392
1.74766E+12,4.197873654,0.089282824,-100,-100,-74.05592168,-85.01011769,-86.31009677,-85.35555637,-97.91503268,-98.02429912,,-54.77943187,,-99.33024766,-76.25924523,-71.73535638,-100,-69.35353586,-67.66052105,-97.49354576,-100,-71.59761042,-100,-99.38670135,-98.77431993,-99.59541098,-100,-100,-100,-86.31009677,-100,-95.82886161,-72.03034611,-76.78444659,-99.49426372,-99.49426372,-99.52797947,-100,-100,-99.38711037,-100,-100,-100,-100,-100,-99.46933719,-62.31096052,-62.20398488,-62.20668923,-96.01018984,-57.37241936,-57.37241936,-57.36478816,-100,-99.39487321,-99.44796708,-100,-100,-99.71046906,-83.52952969,-81.65988106,-81.98514036,-75.17264451,-75.17264451,-75.22495151,-61.57739762,-61.57739762,-62.07069271,-62.38482081,-62.36915666,-62.03706017,-95.37059376,-95.37059376,-95.37059376,-61.29488047,-63.72773598,-97.48046528,-100,-100,-100,-100,-100,-100,-99.47486636,-99.48597566,-99.46933719,-99.56177426,-100,-100,-100,-100,-100,-99.38953887,-100,-99.38711037,-100,-100,-76.03146821,-71.22298319,-71.85089219,-100,-98.10051458,-100,-62.46493858,-99.44712075,-99.65376541,-100,-100,-100,-100,-99.40187694,-96.62706583,-69.35999531,-69.45378979,-73.38262702,-73.93199981,-99.35671291,-74.7974287,-77.62784431,-77.61627376,-77.62784431,-100,-100,-99.35226633,-99.35226633,-100,-80.36662861,-100,-99.48859021,-100,-87.43137389,-100,-100,-100,-57.69571771,-100,-99.54568867,-99.4377644,-98.42179917,-100,-96.45428031,-99.52361418,-100,-96.94585988,-100,-100,-100,-96.84894757
1.74766E+12,4.897815618,0.08026913,-100,-100,-74,-83,-84,-83,-100,-100,,-54,,-100,-71,-67,-100,-70,-68,-100,-100,-72,-100,-100,-100,-100,-100,-100,-100,-84,-100,-100,-69,-74,-100,-100,-100,-100,-100,-100,-100,-100,-100,-100,-100,-100,-63,-63,-63,-100,-57,-57,-57,-100,-100,-100,-100,-100,-100,-80,-78,-78,-75,-75,-75,-58,-58,-58,-60,-60,-60,-100,-100,-100,-61,-62,-100,-100,-100,-100,-100,-100,-100,-100,-100,-100,-100,-100,-100,-100,-100,-100,-100,-100,-100,-100,-100,-75,-73,-67,-100,-100,-100,-62,-100,-100,-100,-100,-100,-100,-100,-100,-70,-70,-70,-71,-100,-72,-74,-74,-74,-100,-100,-100,-100,-100,-78,-100,-100,-100,-86,-100,-100,-100,-54,-100,-100,-100,-100,-100,-100,-100,-100,-100,-100,-100,-100,-100
1.74766E+12,5.597815506,0.08066658,-100,-95.74802471,-71.23850672,-80.99295349,-85.32412724,-84.30358503,-97.98515098,-97.73448549,,-51.21581412,,-99.14517075,-69.02613305,-64.62512681,-95.07605853,-68.55544038,-66.39880523,-98.85470446,-100,-71.31975065,-100,-99.23364,-98.60667028,-99.48471704,-100,-100,-100,-85.32412724,-100,-100,-70.06296478,-75.14294945,-99.35589631,-99.35589631,-99.39883655,-96.97344401,-100,-99.15903769,-100,-100,-100,-100,-96.52637197,-98.96632476,-66.64175519,-61.49295873,-61.49558137,-100,-54.97789785,-54.97789785,-54.98431121,-100,-99.12274677,-99.00232549,-100,-100,-97.02225783,-78.18156166,-76.21582521,-75.93631569,-71.52856436,-71.52856436,-71.5757356,-58.89449883,-58.89449883,-59.1095301,-61.49801894,-61.49121691,-61.1150509,-100,-100,-100,-59.64949178,-62.62412988,-98.45454025,-97.65822842,-97.65860274,-97.65860274,-100,-100,-100,-98.95752831,-98.94001555,-98.96632476,-98.07142912,-100,-100,-100,-100,-100,-99.14669589,-100,-99.15903769,-100,-100,-75.32718156,-76.93096327,-66.28335104,-96.45349945,-98.10137339,-96.45349945,-64.89619756,-97.30259506,-97.41113539,-100,-100,-100,-100,-99.10059146,-99.55370633,-72.26044804,-72.37418452,-71.26503837,-72.09491032,-99.17586548,-73.02267211,-74.25420085,-74.24077988,-74.25420085,-100,-100,-99.17070468,-99.17070468,-97.05208551,-73.69384543,-97.11340757,-97.59555689,-95.95408915,-82.96482394,-96.25955102,-100,-100,-54.75939289,-100,-97.36697303,-99.02086497,-97.95293218,-97.18130504,-99.72186301,-97.38929212,-96.77644289,-100,-99.22958943,-100,-100,-100
1.74766E+12,6.297799736,0.085365143,-100,-92.08895408,-69.62738487,-79.36351212,-85.50552877,-84.5026681,-96.79908117,-96.12313215,,-49.48143631,,-99.10491431,-65.78818402,-61.73261084,-90.91094774,-67.93771603,-65.71332053,-97.8670335,-100,-71.48052219,-100,-99.20359147,-98.62319681,-99.46098328,-100,-100,-100,-85.50552877,-100,-100,-70.51083681,-75.50183742,-99.3262291,-99.3262291,-99.37114716,-94.70953169,-100,-99.08815894,-100,-100,-100,-100,-93.74654798,-98.73861853,-69.26247543,-60.96531215,-60.96764959,-100,-53.9693875,-53.9693875,-53.98411688,-100,-99.02722024,-98.80771822,-100,-100,-95.33119462,-75.68080705,-73.7664525,-73.11913463,-69.39306701,-69.39306701,-69.43276799,-59.5383675,-59.5383675,-59.55760783,-61.29489738,-61.29433704,-60.92408475,-100,-100,-100,-59.28448557,-62.37022736,-97.49870722,-96.20138434,-96.21011067,-96.21011067,-100,-100,-100,-98.7215401,-98.68747456,-98.73861853,-97.14078969,-100,-99.36036319,-100,-100,-100,-99.06756927,-100,-99.08815894,-100,-100,-74.8926929,-79.91769927,-64.39771825,-93.8727524,-96.75521729,-93.8727524,-66.96929359,-96.01519896,-96.04254533,-100,-100,-100,-100,-98.98858504,-100,-74.17562858,-74.29193108,-71.54140362,-72.5071544,-99.13557361,-73.42320803,-73.45513543,-73.44174693,-73.45513543,-98.87215747,-100,-99.13041687,-99.13041687,-94.88243168,-70.69798028,-95.02443485,-96.45996092,-92.54927485,-80.91313237,-93.52654092,-100,-100,-55.48541464,-100,-95.98795308,-98.84279521,-96.62962558,-95.13357435,-100,-96.10060217,-94.32118234,-100,-97.60419021,-100,-100,-100
1.74766E+12,6.997185852,0.114674903,-100,-88.07073456,-67.9428656,-77.97314227,-86.06243684,-85.10527921,-94.93341588,-93.70175377,,-47.80167292,,-99.09638579,-62.79184177,-59.21437136,-86.29575315,-67.24256456,-65.04231603,-95.99797433,-100,-71.82840185,-100,-99.20582885,-98.69910473,-99.45642449,-100,-100,-100,-86.06243684,-100,-100,-71.7527258,-76.51551333,-99.32053061,-99.32053061,-99.36582857,-92.24237041,-100,-99.05106015,-100,-100,-100,-100,-90.7081585,-98.54661247,-72.11248079,-60.36565856,-60.36759418,-100,-53.12094836,-53.12094836,-53.14404663,-100,-98.96601989,-98.64859592,-100,-100,-93.45625782,-73.2736757,-71.46430234,-70.43872438,-67.10252685,-67.10252685,-67.13260786,-61.28226959,-61.28226959,-61.09067022,-61.23360363,-61.2397449,-60.89028931,-100,-100,-100,-59.21012888,-62.30192184,-95.76636889,-94.62493544,-94.64231189,-94.64231189,-100,-100,-100,-98.52129721,-98.47076664,-98.54661247,-96.09923823,-100,-98.40395067,-100,-100,-100,-99.02241253,-100,-99.05106015,-100,-100,-74.4092852,-82.90544292,-63.02862105,-90.99877436,-94.67484905,-90.99877436,-69.50062246,-94.62876887,-94.55858078,-100,-100,-100,-100,-98.91118394,-100,-76.34293819,-76.45718237,-72.57213132,-73.65772364,-99.12573217,-74.53795962,-73.16834006,-73.15551274,-73.16834006,-97.47189513,-100,-99.1207941,-99.1207941,-92.51889042,-67.94474959,-92.75112818,-95.23728901,-88.81353621,-78.99291103,-90.47538359,-100,-100,-57.42609099,-100,-94.43819014,-98.70008039,-94.72964187,-92.90931689,-100,-94.70938241,-91.63643931,-100,-95.67640805,-100,-100,-100
1.74766E+12,7.697089841,0.126268241,-100,-83.82229061,-66.23110806,-76.81157725,-86.93928817,-86.05153003,-92.489023,-90.59605485,,-46.19376921,,-99.11724013,-60.02900784,-57.01981631,-81.3614863,-66.52125397,-64.42396529,-93.42061096,-100,-72.35387004,-100,-99.2413255,-98.82875443,-99.46961533,-100,-100,-100,-86.93928817,-100,-100,-73.66836312,-78.08524988,-99.33701916,-99.33701916,-99.38121788,-89.65141664,-100,-99.05149746,-100,-100,-100,-100,-87.50985277,-98.40518171,-75.13607367,-59.72605947,-59.72751133,-100,-52.45825865,-52.45825865,-52.48917146,-100,-98.94462203,-98.53746557,-100,-100,-91.43302103,-70.94377035,-69.28346399,-67.89404742,-64.69739039,-64.69739039,-64.71654065,-63.95857112,-63.95857112,-63.55812624,-61.30036886,-61.31311128,-60.99652339,-100,-100,-100,-59.4155648,-62.40946081,-93.39658157,-92.9770658,-93.00275103,-93.00275103,-100,-100,-100,-98.37226821,-98.3065471,-98.40518171,-94.95632413,-100,-97.2634932,-100,-100,-100,-99.01555566,-100,-99.05149746,-100,-100,-73.88144186,-85.82857698,-62.11439224,-87.89932006,-91.98290234,-87.89932006,-72.40512553,-93.17659594,-92.99634841,-100,-100,-100,-100,-98.87502397,-100,-78.71899659,-78.82679234,-74.25541354,-75.43496749,-99.14411308,-76.25863154,-73.33413911,-73.32231938,-73.33413911,-95.85813466,-100,-99.13958866,-99.13958866,-90.03710294,-65.44586601,-90.36627311,-93.95677385,-84.86639944,-77.21197092,-87.17543257,-100,-100,-60.39532078,-100,-92.73445805,-98.60404674,-92.36490978,-90.58152149,-100,-93.24949995,-88.80628016,-100,-93.47372842,-100,-100,-100
1.74766E+12,8.396663791,0.150687251,-100,-79.47254665,-64.53827135,-75.86855032,-88.08051953,-87.28153223,-89.5667704,-86.93173989,,-44.67497047,,-99.16513227,-57.49158379,-55.09835366,-76.23915877,-65.82505222,-63.89644185,-90.30802737,-100,-73.04740714,-100,-99.31105479,-99.00650626,-99.49913042,-100,-100,-100,-88.08051953,-100,-100,-76.13748012,-80.11231976,-99.37391303,-99.37391303,-99.41565216,-87.01612685,-100,-99.09322704,-100,-100,-100,-100,-84.25028,-98.32920138,-78.27755647,-59.07857638,-59.07949724,-100,-52.00699655,-52.00699655,-52.04456234,-100,-98.96850294,-98.48683414,-100,-100,-89.29705785,-68.67469373,-67.19802675,-65.48406622,-62.21810415,-62.21810415,-62.2258518,-67.39963811,-67.39963811,-66.80938486,-61.48142425,-61.50010699,-61.22564576,-100,-100,-100,-59.88993642,-62.68309174,-90.52840156,-91.30595952,-91.33897268,-91.33897268,-100,-100,-100,-98.28992168,-98.2114712,-98.32920138,-93.7215968,-100,-95.94440085,-100,-100,-100,-99.05132864,-100,-99.09322704,-100,-100,-73.31364628,-88.62148421,-61.59336464,-84.64214422,-88.8020108,-84.64214422,-75.59774416,-91.69197131,-91.39295487,-100,-100,-100,-100,-98.88674098,-100,-81.26042349,-81.35761496,-76.48944235,-77.72723541,-99.18848824,-78.47692845,-73.89285696,-73.88240893,-73.89285696,-94.05407916,-100,-99.18455283,-99.18455283,-87.51271047,-63.21304216,-87.94265519,-92.64764813,-80.82739072,-75.57812301,-83.69604138,-100,-100,-64.20700287,-100,-90.89353065,-98.5660205,-89.64735801,-88.22317696,-100,-91.75482189,-85.9147712,-100,-91.02363679,-100,-100,-100
1.74766E+12,9.096662799,0.14950855,-100,-75.15042712,-62.91051461,-75.13379477,-89.43056765,-88.73539747,-86.26752596,-82.83451338,,-43.26252196,,-99.23771713,-55.17147117,-53.39939136,-71.05978211,-65.20522729,-63.49791928,-86.83330757,-100,-73.89949353,-100,-99.41599007,-99.2267206,-99.54354441,-100,-100,-100,-89.43056765,-100,-100,-79.03980819,-82.49799566,-99.42943051,-99.42943051,-99.46746848,-84.41595752,-100,-99.18000505,-100,-100,-100,-100,-81.02808939,-98.33354662,-81.48123159,-58.45527077,-58.45564811,-100,-51.79284029,-51.79284029,-51.83529028,-100,-99.04313893,-98.50920861,-100,-100,-87.08394189,-66.45004858,-65.1820799,-63.20774325,-59.70511465,-59.70511465,-59.70182675,-71.4378366,-71.4378366,-70.69385506,-61.76300097,-61.78640282,-61.56051522,-100,-100,-100,-60.62238682,-63.11306213,-87.30088514,-89.65980069,-89.69852147,-89.69852147,-100,-100,-100,-98.2897262,-98.20219424,-98.33354662,-92.40460564,-100,-94.45208369,-100,-100,-100,-99.13406146,-100,-99.18000505,-100,-100,-72.71038186,-91.21854739,-61.40387104,-81.29500157,-85.2548081,-81.29500157,-78.99341971,-90.20818611,-89.78550683,-100,-100,-100,-100,-98.95297078,-100,-83.92383861,-84.00650416,-79.17240981,-80.42287684,-99.25662954,-81.08455499,-74.78481799,-74.77602347,-74.78481799,-92.08293174,-100,-99.25343889,-99.25343889,-85.02135423,-61.25799068,-85.55305999,-91.33914454,-76.81603626,-74.0991783,-80.10656358,-100,-100,-68.67503612,-100,-88.93218176,-98.5973279,-86.68891529,-85.90727211,-100,-90.25921534,-83.04597879,-100,-88.35361862,-100,-100,-100
1.74766E+12,9.796661265,0.150974128,-100,-70.98485646,-61.39399697,-74.59704388,-90.93386928,-90.35323742,-82.69215755,-78.43007982,,-41.97366896,,-99.33264965,-53.06057153,-51.87233735,-65.95436788,-64.71304717,-63.26657112,-83.16953555,-100,-74.9006096,-100,-99.5571047,-99.48375783,-99.60143193,-100,-100,-100,-90.93386928,-100,-100,-82.25507868,-85.14355027,-99.50178992,-99.50178992,-99.53500392,-81.93036512,-100,-99.31558765,-100,-100,-100,-100,-77.94193015,-98.43309256,-84.69140141,-57.88820416,-57.88806013,-100,-51.84146807,-51.84146807,-51.88642626,-100,-99.17400628,-98.61709595,-100,-100,-84.82924675,-64.25343765,-63.20971273,-61.06404097,-57.19886839,-57.19886839,-57.18575095,-75.90553262,-75.90553262,-75.0609458,-62.13133019,-62.15766956,-61.98399057,-100,-100,-100,-61.60205909,-63.68961945,-83.85308863,-88.08677339,-88.12894199,-88.12894199,-100,-100,-100,-98.38715034,-98.2953715,-98.43309256,-91.01490005,-100,-92.79195179,-100,-100,-100,-99.2680841,-100,-99.31558765,-100,-100,-72.07613199,-93.55414925,-61.48424426,-77.92564683,-81.46392788,-77.92564683,-82.50709355,-88.75853149,-88.21111095,-100,-100,-100,-100,-99.0803492,-100,-86.66586167,-86.73031391,-82.20250798,-83.41024125,-99.34630889,-83.97321582,-75.95034657,-75.94340506,-75.95034657,-89.96789551,-100,-99.34399911,-99.34399911,-82.63867545,-59.59242419,-83.27027305,-90.06049578,-72.95186225,-72.78294775,-76.47635268,-100,-100,-73.61331939,-100,-86.86718523,-98.70929516,-83.60151033,-83.70679578,-100,-88.79654739,-80.28396926,-100,-85.4911594,-100,-100,-100
1.74766E+12,10.49581996,0.116665056,-100,-67.10475911,-60.03487756,-74.24803095,-92.53486117,-92.07516374,-78.94153305,-73.8441437,,-40.82565674,,-99.44758477,-51.15078642,-50.4665996,-61.05392765,-64.39977983,-63.24057093,-79.48979532,-100,-76.04123575,-100,-99.73537205,-99.77197831,-99.67136763,-100,-100,-100,-92.53486117,-100,-100,-85.66302297,-87.95025628,-99.58920954,-99.58920954,-99.61659557,-79.63880612,-100,-99.50373099,-100,-100,-100,-100,-75.09045151,-98.64271433,-87.85236833,-57.40943803,-57.40882951,-100,-52.17855809,-52.17855809,-52.22304126,-100,-99.3665813,-98.82300313,-100,-100,-82.56854603,-62.06846366,-61.25501453,-59.05192187,-54.73981191,-54.73981191,-54.71890983,-80.63509218,-80.63509218,-79.76006607,-62.57264307,-62.59957802,-62.47893059,-100,-100,-100,-62.8180963,-64.40301119,-80.32406832,-86.63506171,-86.67777886,-86.67777886,-100,-100,-100,-98.59766269,-98.50765826,-98.64271433,-89.56202944,-100,-90.96941524,-100,-100,-100,-99.45772654,-100,-99.50373099,-100,-100,-71.41538008,-95.56267258,-61.77281709,-74.60183473,-77.5520038,-74.60183473,-86.05370704,-87.37629858,-86.70687388,-100,-100,-100,-100,-99.27551207,-100,-89.44311237,-89.48589816,-85.47792892,-86.57767809,-99.4552982,-87.03461559,-77.32976709,-77.32479578,-77.32976709,-87.73217357,-100,-99.45398577,-99.45398577,-80.44031535,-58.22805532,-81.16707993,-88.84093455,-69.35439489,-71.63724235,-72.87476224,-100,-100,-78.83575154,-100,-84.71531487,-98.91324853,-80.49707186,-81.69473677,-100,-87.40068516,-77.71280895,-100,-82.46374458,-100,-100,-100
1.74766E+12,11.19575058,0.126520478,-100,-63.6390595,-58.87931549,-74.07648925,-94.17798006,-93.8412881,-75.11652034,-69.20240952,,-39.83573058,,-99.58017742,-49.4340174,-49.13158606,-56.48947297,-64.31669325,-63.45809226,-75.96717087,-100,-77.31185237,-100,-99.95176547,-100,-99.75192613,-100,-100,-100,-94.17798006,-100,-100,-89.14337242,-90.81938638,-99.68990767,-99.68990767,-99.71058049,-77.62073699,-100,-99.74819124,-100,-100,-100,-100,-72.57230267,-98.97728707,-90.90843475,-57.0510339,-57.05005244,-100,-52.82978856,-52.82978856,-52.87020629,-100,-99.62634028,-99.13943712,-100,-100,-80.33741333,-59.87872937,-59.29207458,-57.1703484,-52.36839172,-52.36839172,-52.34258883,-85.45888133,-85.45888133,-84.64062483,-63.0731708,-63.09779899,-63.02819408,-100,-100,-100,-64.25964153,-65.24348483,-76.8528805,-85.35284974,-85.39257669,-85.39257669,-100,-100,-100,-98.93673183,-98.85570982,-98.97728707,-88.05554322,-100,-88.9898841,-100,-100,-100,-99.70731877,-100,-99.74819124,-100,-100,-70.73260951,-97.17850013,-62.20792235,-71.39131998,-73.64166951,-71.39131998,-89.54820153,-86.09477852,-85.3099023,-100,-100,-100,-100,-99.54509522,-100,-92.21221045,-92.23011087,-88.8968647,-89.81353682,-99.58136937,-90.16045896,-78.86340391,-78.8604377,-78.86340391,-85.39896904,-100,-99.58115116,-99.58115116,-78.50191515,-57.17659671,-79.31626619,-87.70969353,-66.14316036,-70.66987309,-69.37114578,-100,-100,-84.15623142,-100,-82.49334452,-99.22051424,-77.4875286,-79.94408391,-100,-86.10549574,-75.41656419,-100,-79.29885964,-100,-100,-100
1.74766E+12,11.89541387,0.104811423,-100,-60.71668206,-57.9734699,-74.07215206,-95.80766269,-95.59172217,-71.31798729,-64.63058177,,-39.02113575,,-99.72808254,-47.90216601,-47.81670468,-52.3920154,-64.5150554,-63.95730866,-72.7747462,-100,-78.70293983,-100,-100,-100,-99.84168208,-100,-100,-100,-95.80766269,-100,-100,-92.5758584,-93.65221326,-99.8021026,-99.8021026,-99.81529576,-75.95561422,-100,-100,-100,-100,-100,-100,-70.48613284,-99.4516859,-93.80390307,-56.84505325,-56.84382512,-100,-53.82083769,-53.82083769,-53.85299233,-100,-99.95875952,-99.5789049,-100,-100,-78.17142227,-57.6678375,-57.29498217,-55.41828305,-50.12505433,-50.12505433,-50.0980734,-90.20926608,-90.20926608,-89.55203106,-63.61914455,-63.63800327,-63.61463982,-100,-100,-100,-65.91583789,-66.20128786,-73.57858147,-84.28832157,-84.32088008,-84.32088008,-100,-100,-100,-99.41982632,-99.35618144,-99.4516859,-86.50499077,-100,-86.85876845,-100,-100,-100,-100,-100,-100,-100,-100,-70.03230368,-98.33601465,-62.72789282,-68.36185733,-69.85555868,-68.36185733,-92.9055184,-84.94726246,-84.05730286,-100,-100,-99.90124947,-99.90124947,-99.89573446,-100,-94.9297756,-94.91980598,-92.35750738,-93.00616688,-99.7222943,-93.24245057,-80.49158142,-80.4905729,-80.49158142,-82.99148501,-100,-99.72324756,-99.72324756,-76.89911607,-56.44976099,-77.79061738,-86.69600543,-63.43768488,-69.88865095,-66.03485684,-100,-100,-89.3886579,-100,-80.21804802,-99.64241851,-74.68480925,-78.52782601,-100,-84.94484624,-73.47930133,-100,-76.02399005,-100,-100,-100
1.74766E+12,12.59541165,0.106576195,-100,-58.46655125,-57.36349991,-74.22475267,-97.36834581,-97.26657761,-67.64680177,-60.25436494,,-38.39911753,,-99.88895506,-46.54713381,-46.47136342,-48.89256651,-65.04613426,-64.77639368,-70.0856053,-100,-80.20497853,-100,-100,-100,-99.93921012,-100,-100,-100,-97.36834581,-100,-100,-95.84021227,-96.35000961,-99.92401265,-99.92401265,-99.92907847,-74.72289426,-100,-100,-99.58499794,-99.76626142,-99.73061528,-99.73061528,-68.93059124,-100,-96.48307568,-56.82355758,-56.82224374,-100,-55.17738369,-55.17738369,-55.19647037,-100,-100,-100,-99.8021386,-99.77616552,-76.10614643,-55.4193908,-55.23782659,-53.79468829,-48.05024627,-48.05024627,-48.02664898,-94.71861246,-94.71861246,-94.34369372,-64.19679548,-64.20586165,-64.22112661,-100,-100,-100,-67.77582844,-67.26666777,-70.64022753,-83.4896613,-83.51023365,-83.51023365,-100,-99.52120862,-99.56868697,-100,-100,-100,-84.91992151,-100,-84.58147836,-100,-99.83805041,-99.83805041,-100,-100,-100,-99.74566171,-99.74566171,-69.318946,-98.96959892,-63.27106133,-65.58120148,-66.31630495,-65.58120148,-96.04059899,-83.96704154,-82.98618222,-100,-99.66009699,-99.449972,-99.449972,-100,-100,-97.55242755,-97.51183745,-95.75804903,-96.04391773,-99.8758449,-96.17229509,-82.15462399,-82.15544346,-82.15462399,-80.53292461,-100,-99.87802723,-99.87802723,-75.70755935,-56.05926079,-76.66291905,-85.82910292,-61.35749462,-69.3013869,-62.93524897,-100,-99.9287966,-94.34692983,-100,-77.9061992,-100,-72.20084255,-77.5189519,-100,-83.95260376,-71.9850867,-100,-72.66662128,-100,-99.87411042,-100
1.74766E+12,12.91364331,0.730057235,-100,-56,-56,-74,-100,-100,-63,-55,,-37,,-100,-46,-46,-45,-65,-65,-67,-100,-81,-100,-100,-100,-100,-100,-100,-100,-100,-100,-100,-100,-100,-100,-100,-100,-73,-100,-100,-100,-100,-100,-100,-67,-100,-100,-56,-56,-100,-56,-56,-56,-100,-100,-100,-100,-100,-73,-54,-54,-53,-45,-45,-45,-100,-100,-100,-66,-66,-66,-100,-100,-100,-69,-69,-67,-82,-82,-82,-100,-100,-100,-100,-100,-100,-83,-100,-83,-100,-100,-100,-100,-100,-100,-100,-100,-69,-100,-65,-62,-62,-62,-100,-82,-81,-100,-100,-100,-100,-100,-100,-100,-100,-100,-100,-100,-100,-85,-85,-85,-79,-100,-100,-100,-74,-55,-75,-84,-59,-68,-59,-100,-100,-100,-100,-75,-100,-69,-76,-100,-82,-70,-100,-70,-100,-100,-100
1.74766E+12,13.22945902,1.354765516,-100,-56.46233384,-57.2032624,-74.95970043,-100,-100,-61.07104365,-52.56743973,,-37.79549823,,-100,-44.33513317,-43.50156488,-44.17999868,-67.29405458,-67.51197279,-66.86776505,-100,-83.50165863,-96.85354837,-100,-100,-100,-100,-100,-100,-100,-100,-100,-100,-100,-100,-100,-100,-73.84923533,-100,-100,-98.16316968,-98.23131775,-98.28245908,-98.28245908,-67.77732612,-100,-100,-57.45261254,-57.45173772,-100,-59.07605973,-59.07605973,-59.0524395,-100,-100,-100,-97.9359566,-97.94216489,-72.41318439,-50.75279472,-50.85037573,-50.92876039,-44.55945246,-44.55945246,-44.5593617,-100,-100,-100,-65.39383373,-65.36916333,-65.42836347,-100,-100,-100,-72.0599049,-69.68114812,-66.29769971,-82.86864001,-82.84850669,-82.84850669,-100,-98.28286957,-98.26045639,-100,-100,-100,-81.68443016,-97.09695173,-79.61506886,-97.29180882,-98.1300794,-98.1300794,-100,-100,-100,-98.74092526,-98.74092526,-67.87100864,-98.42511845,-64.19173198,-61.02204755,-60.44338477,-61.02204755,-100,-82.63357466,-81.52780915,-100,-98.38631937,-98.4427371,-98.4427371,-100,-100,-100,-100,-100,-100,-100,-100,-85.35675865,-85.36053449,-85.35675865,-75.55538708,-97.73275067,-100,-100,-74.83865957,-56.32758352,-75.87117165,-84.64549309,-59.51727519,-68.73543427,-57.70852475,-100,-97.76357176,-100,-97.24292004,-73.23993992,-100,-68.6121898,-76.99338358,-100,-82.60059984,-70.63830915,-100,-65.81546831,-100,-98.07983241,-100
1.74766E+12,13.55369296,1.975146328,-100,-56.74773594,-57.66994797,-75.52151415,-100,-100,-58.25479944,-49.36328649,,-37.81062503,,-100,-43.46196784,-41.8637145,-43.03844891,-69.00867522,-69.41546795,-66.43475886,-100,-85.26422536,-94.2436526,-100,-100,-100,-100,-100,-100,-100,-100,-100,-100,-100,-100,-100,-100,-74.22768916,-100,-100,-97.3015359,-97.27029711,-97.3807535,-97.3807535,-68.2049203,-100,-100,-58.10935809,-58.10900995,-100,-61.58782984,-61.58782984,-61.53499111,-100,-100,-100,-96.76198692,-96.79266595,-70.81554265,-48.35315606,-48.53241503,-49.6843522,-43.1730493,-43.1730493,-43.19295057,-100,-100,-100,-65.99636433,-65.94758467,-66.01106087,-99.93975302,-99.93975302,-99.93975302,-74.43911957,-71.01074353,-64.99235607,-83.05840259,-83.00993713,-83.00993713,-100,-97.54506249,-97.47088341,-100,-100,-100,-80.05310687,-94.7809079,-76.96709168,-95.21093214,-97.05066278,-97.05066278,-100,-100,-100,-98.1822575,-98.1822575,-67.14539576,-97.25148362,-64.51434965,-59.28736952,-58.20187379,-59.28736952,-100,-82.29846106,-81.16080099,-100,-97.60358344,-97.89421795,-97.89421795,-100,-100,-100,-100,-100,-100,-100,-100,-86.83744039,-86.84229247,-86.83744039,-73.08281617,-96.18142347,-100,-100,-75.18012945,-56.97062804,-76.22462705,-84.3446966,-59.79350211,-68.74511104,-55.63032083,-100,-96.38321197,-100,-95.10324875,-70.91907712,-100,-67.58320821,-77.49110672,-100,-82.25932198,-70.81132896,-100,-62.38349648,-100,-96.94130821,-100
1.74766E+12,13.83752977,2.615018709,-100,-57.78436204,-58.46641531,-76.19919879,-100,-100,-55.74255956,-46.56785447,,-38.01178421,,-100,-42.7332279,-40.168618,-42.63804619,-71.05157095,-71.61283386,-66.6964228,-100,-87.07359398,-91.28479414,-100,-100,-100,-100,-100,-100,-100,-100,-99.76197606,-100,-100,-100,-100,-100,-75.07733142,-100,-100,-96.35335205,-96.20571026,-96.38419631,-96.38419631,-69.2137781,-100,-100,-58.96297852,-58.96332193,-99.90259962,-64.40437698,-64.40437698,-64.31835577,-100,-100,-100,-95.45011302,-95.50959308,-69.37870507,-45.952984,-46.17906033,-48.56426448,-42.01434068,-42.01434068,-42.05853387,-100,-100,-100,-66.59685866,-66.5196162,-66.57769398,-99.41554273,-99.41554273,-99.41554273,-76.93238594,-72.40890576,-64.22061802,-83.53828025,-83.45743966,-83.45743966,-100,-96.73957729,-96.60428844,-100,-100,-100,-78.42546438,-92.15978852,-74.25522452,-92.86009108,-95.85022437,-95.85022437,-100,-100,-100,-97.58993626,-97.58993626,-66.42466461,-95.56277834,-64.75039642,-57.88913841,-56.39153085,-57.88913841,-100,-82.16690733,-81.01576017,-100,-96.74338393,-97.3207232,-97.3207232,-100,-100,-100,-100,-100,-100,-100,-100,-88.2361665,-88.24186083,-88.2361665,-70.6519813,-94.43905618,-100,-100,-75.97046752,-57.91845123,-77.01104188,-84.22250742,-60.76752644,-68.92547661,-53.8866228,-100,-94.8320437,-100,-92.68484287,-68.62875733,-100,-67.0243882,-78.42504835,-100,-82.12341832,-71.47856243,-100,-58.9926502,-100,-95.67302565,-100
1.74766E+12,14.15368285,3.239556324,-100,-59.48277638,-59.56345839,-76.98248766,-100,-100,-53.52178456,-44.16199431,,-38.37845837,,-100,-42.1408149,-38.45347432,-42.91934813,-73.36925299,-74.05289803,-67.57536605,-100,-88.90720944,-88.04042177,-100,-100,-100,-100,-100,-100,-100,-100,-99.38394338,-100,-100,-100,-100,-100,-76.33809843,-100,-100,-95.32975884,-95.05793977,-95.31163295,-95.31163295,-70.73056802,-100,-100,-59.98760726,-59.98877432,-99.55550102,-67.46966301,-67.46966301,-67.34752301,-100,-100,-100,-94.0186222,-94.11021691,-68.0971425,-43.58718652,-43.82855692,-47.5674597,-41.07246267,-41.07246267,-41.14427787,-100,-100,-100,-67.1922288,-67.08256516,-67.12735135,-98.9620209,-98.9620209,-98.9620209,-79.5056897,-73.86588227,-63.94225949,-84.27221248,-84.15598063,-84.15598063,-100,-95.87549309,-95.67127566,-100,-100,-100,-76.81105209,-89.2893509,-71.51519956,-90.28888865,-94.55222144,-94.55222144,-100,-100,-100,-96.96687119,-96.96687119,-65.71329858,-93.42904975,-64.90665501,-56.80341953,-54.98187774,-56.80341953,-100,-82.22375466,-81.0758243,-100,-95.82149299,-96.725972,-96.725972,-100,-100,-100,-100,-100,-100,-100,-100,-89.55420227,-89.56053499,-89.55420227,-68.28608559,-92.5414087,-100,-100,-77.15284548,-59.14356206,-78.17513508,-84.26560369,-62.35607807,-69.25708534,-52.45698952,-100,-93.13245106,-100,-90.03884316,-66.38575438,-100,-66.89950554,-79.73663698,-99.99716472,-82.17750532,-72.58152595,-100,-55.67725637,-100,-94.2999793,-100
1.74766E+12,14.45502148,3.871375154,-100,-61.75354323,-60.93187118,-77.86111403,-100,-100,-51.57993495,-42.12655666,,-38.89013013,,-100,-41.6766304,-36.75548238,-43.82291236,-75.90823254,-76.68448798,-68.99419778,-100,-90.74251667,-84.57398427,-100,-100,-100,-100,-100,-100,-100,-100,-99.0558276,-100,-100,-100,-100,-100,-77.94992653,-100,-100,-94.241897,-93.84736823,-94.18190887,-94.18190887,-72.68195853,-100,-100,-61.15737776,-61.15946784,-99.25142392,-70.72764982,-70.72764982,-70.56748237,-100,-100,-100,-92.48580173,-92.61180807,-66.9653258,-41.29067159,-41.5191501,-46.69290033,-40.33655135,-40.33655135,-40.43834885,-100,-100,-100,-67.77938687,-67.63373881,-67.65912152,-98.57567551,-98.57567551,-98.57567551,-82.12501652,-75.37192056,-64.11705444,-85.2241388,-85.07052638,-85.07052638,-100,-94.96188901,-94.6824493,-100,-100,-100,-75.2194194,-86.22535238,-68.78274895,-87.54692787,-93.18011121,-93.18011121,-100,-100,-100,-96.31597196,-96.31597196,-65.01578107,-90.920345,-64.98990815,-56.00627821,-53.94243629,-56.00627821,-100,-82.45384429,-81.32413098,-100,-94.85368279,-96.11368351,-96.11368351,-100,-99.967704,-100,-100,-100,-100,-100,-100,-90.79281296,-90.79961041,-90.79281296,-66.00833215,-90.5242409,-100,-100,-78.67043502,-60.61846947,-79.66162555,-84.46066357,-64.4758869,-69.72049161,-51.32097989,-100,-91.30681816,-100,-87.21639035,-64.20684211,-100,-67.17233596,-81.36730116,-99.75645463,-82.40619948,-74.06173588,-100,-52.47164189,-100,-92.84716375,-100
1.74766E+12,14.78438319,4.489048904,-100,-64.50722682,-62.54244763,-78.82481119,-100,-100,-49.90447125,-40.44239217,,-39.5262821,,-100,-41.33257595,-35.11184112,-45.28929649,-78.61502083,-79.45643122,-70.87552717,-100,-92.5569606,-80.94893043,-100,-100,-100,-100,-100,-100,-100,-100,-98.77539628,-100,-100,-100,-100,-100,-79.85275204,-100,-100,-93.10090725,-92.59437819,-93.01386952,-93.01386952,-74.99461814,-100,-100,-62.44642345,-62.44950318,-98.98863624,-74.12229927,-74.12229927,-73.92322337,-100,-100,-100,-90.86993889,-91.03163722,-65.97772583,-39.09834719,-39.28908517,-45.93954885,-39.79574282,-39.79574282,-39.92891308,-100,-100,-100,-68.35524495,-68.17044439,-68.17209302,-98.25299455,-98.25299455,-98.25299455,-84.75635206,-76.9172681,-64.70477682,-86.35799869,-86.16604328,-86.16604328,-100,-94.00784416,-93.64841354,-100,-100,-100,-73.66011571,-83.02355028,-66.09360484,-84.68381176,-91.75735094,-91.75735094,-100,-100,-100,-95.64014822,-95.64014822,-64.33659549,-88.10671124,-65.00693858,-55.47377979,-53.2427283,-55.47377979,-100,-82.84201744,-81.74381782,-100,-93.8557255,-95.48757685,-95.48757685,-100,-99.77331931,-100,-100,-100,-100,-100,-100,-91.95326387,-91.9603825,-91.95326387,-63.84192407,-88.42331267,-100,-100,-80.46640785,-62.31568241,-81.41523222,-84.79436522,-67.04368281,-70.29624978,-50.45815276,-100,-89.3775291,-100,-84.26862517,-62.10879433,-100,-67.80665522,-83.2584694,-99.54102042,-82.79411727,-75.86070862,-100,-49.41013364,-100,-91.33957361,-100
1.74766E+12,15.1044945,5.111566975,-100,-67.65439142,-64.3659817,-79.86331241,-100,-100,-48.482854,-39.0903515,,-40.26639689,,-100,-41.1005531,-33.55974947,-47.25905816,-81.43612905,-82.31755527,-73.1419634,-100,-94.32798619,-77.22870904,-100,-100,-100,-100,-100,-100,-100,-100,-98.54041695,-100,-100,-100,-100,-100,-81.9865113,-100,-100,-91.91793031,-91.31935224,-91.82636034,-91.82636034,-77.59521531,-100,-100,-63.82887779,-63.83298102,-98.76540587,-77.59757323,-77.59757323,-77.35973556,-100,-100,-100,-89.18932096,-89.38697496,-65.12881346,-37.0451213,-37.17660743,-45.30636772,-39.43917315,-39.43917315,-39.60413683,-100,-100,-100,-68.91671515,-68.68998914,-68.6653544,-97.99046604,-97.99046604,-97.99046604,-87.365682,-78.49217239,-65.66520058,-87.63773168,-87.40749767,-87.40749767,-100,-93.02243766,-92.57977259,-100,-100,-100,-72.14269043,-79.73970193,-63.4834994,-81.74914334,-90.30739788,-90.30739788,-100,-100,-100,-94.94230963,-94.94230963,-63.68022521,-85.0581956,-64.96452901,-55.18198959,-52.85227559,-55.18198959,-100,-83.37311532,-82.31802242,-100,-92.84339327,-94.8513712,-94.8513712,-100,-99.59772944,-100,-100,-100,-100,-100,-100,-93.03682026,-93.04414672,-93.03682026,-61.81006446,-86.27438391,-100,-100,-82.48393567,-64.20770983,-83.38067401,-85.25338679,-69.9761957,-70.96491422,-49.84806704,-100,-87.366968,-100,-81.24668836,-60.1083849,-100,-68.76623907,-85.35157024,-99.35033221,-83.32587518,-77.91996054,-100,-46.52705853,-100,-89.80220344,-100
1.74766E+12,15.4448313,5.72326205,-100,-71.10560128,-66.37326736,-80.96635099,-100,-100,-47.30254372,-38.05128529,,-41.08995711,,-100,-40.97246339,-32.13640636,-49.67275497,-84.31806843,-85.21668763,-75.71611564,-100,-96.03303837,-73.47676888,-100,-100,-100,-100,-100,-100,-100,-100,-98.34865718,-100,-100,-100,-100,-100,-84.29114063,-100,-100,-90.7041069,-90.04267294,-90.6382268,-90.6382268,-80.41041855,-100,-100,-65.27887422,-65.28400207,-98.58000075,-81.09743359,-81.09743359,-80.82200847,-100,-100,-100,-87.46223522,-87.69509195,-64.41305953,-35.16590189,-35.21996216,-44.79231941,-39.25597842,-39.25597842,-39.45218637,-100,-100,-100,-69.46070957,-69.18968031,-69.1379942,-97.78457796,-97.78457796,-97.78457796,-89.91899202,-80.0868809,-66.95809966,-89.02727726,-88.75985589,-88.75985589,-100,-92.01474864,-91.48713065,-100,-100,-100,-70.67669297,-76.42956464,-60.98816478,-78.79252562,-88.85370928,-88.85370928,-100,-100,-100,-94.22536584,-94.22536584,-63.05115365,-81.84484523,-64.86946217,-55.10697293,-52.74059995,-55.10697293,-100,-84.03197916,-83.02988241,-100,-91.83245829,-94.20878568,-94.20878568,-100,-99.44085133,-100,-100,-100,-100,-100,-100,-94.04474741,-94.05219849,-94.04474741,-59.93595644,-84.11321449,-100,-100,-84.66619017,-66.26706068,-85.50266984,-85.82440643,-73.19015547,-71.7070393,-49.47028158,-100,-85.29751896,-100,-78.20172067,-58.22238763,-100,-70.01486327,-87.58803221,-99.18386014,-83.98608968,-80.18100802,-100,-43.85674344,-100,-88.26004784,-100
1.74766E+12,15.75986623,6.348364435,-100,-74.77142065,-68.53509856,-82.1236602,-100,-100,-46.35100092,-37.30604419,,-41.97644536,,-100,-40.94020839,-30.87901073,-52.47094456,-87.20735017,-88.10265581,-78.52059307,-100,-97.64956207,-69.75655874,-100,-100,-100,-100,-100,-100,-100,-100,-98.1978845,-100,-100,-100,-100,-100,-86.70657637,-100,-100,-89.47057774,-88.78472287,-89.46831434,-89.46831434,-83.36689634,-100,-100,-66.77054617,-66.77666702,-98.43068879,-84.5658422,-84.5658422,-84.25503163,-100,-100,-100,-85.70696895,-85.97325881,-63.82493492,-33.49559695,-33.45739468,-44.3963664,-39.23529473,-39.23529473,-39.46122798,-100,-100,-100,-69.98414029,-69.66682515,-69.58910096,-97.63181831,-97.63181831,-97.63181831,-92.38226778,-81.69164113,-68.54324801,-90.49057493,-90.18808431,-90.18808431,-100,-90.9938562,-90.38109192,-100,-100,-100,-69.27167271,-73.14889576,-58.64333315,-75.86356162,-87.41974237,-87.41974237,-100,-100,-100,-93.49222651,-93.49222651,-62.4538642,-78.53670727,-64.7285208,-55.22479514,-52.87722321,-55.22479514,-100,-84.80345018,-83.86253537,-100,-90.83869271,-93.56353946,-93.56353946,-100,-99.30260194,-100,-100,-100,-100,-100,-100,-94.97831061,-94.98583326,-94.97831061,-58.24280311,-81.97556431,-100,-100,-86.95634305,-68.46624391,-87.72593863,-86.49410229,-76.602292,-72.50317938,-49.30435526,-100,-83.19156608,-100,-75.18486282,-56.46757637,-100,-71.51630357,-89.90928384,-99.04107433,-84.75937725,-82.58536743,-100,-41.43351529,-100,-86.7381014,-100
1.74766E+12,16.09486881,6.962997065,-100,-78.56241379,-70.82226928,-83.32497333,-100,-100,-45.61568615,-36.83547885,,-42.90534427,,-100,-40.99568964,-29.82476149,-55.59418454,-90.0504855,-90.92428734,-81.47800487,-100,-99.15500224,-66.1315274,-100,-100,-100,-100,-100,-100,-100,-100,-98.08586646,-100,-100,-100,-100,-100,-89.17275485,-100,-100,-88.22848355,-87.56588459,-88.3354684,-88.3354684,-86.39131717,-100,-100,-68.27802709,-68.28507656,-98.31573789,-87.94676096,-87.94676096,-87.60379457,-100,-100,-100,-83.94180942,-84.23874618,-63.35891047,-32.06911445,-31.92715027,-44.11747116,-39.36625816,-39.36625816,-39.61942793,-100,-100,-100,-70.48391943,-70.11873091,-70.01776321,-97.52867509,-97.52867509,-97.52867509,-94.72149497,-83.29670054,-70.38041959,-91.99156421,-91.65714926,-91.65714926,-100,-89.96883946,-89.2722606,-100,-100,-100,-67.93717907,-69.95345261,-56.48473667,-73.01185436,-86.02895441,-86.02895441,-100,-100,-100,-92.74580129,-92.74580129,-61.89284026,-75.20382886,-64.54848762,-55.51152154,-53.23166716,-55.51152154,-100,-85.67236959,-84.79911892,-100,-89.87786869,-92.91935167,-92.91935167,-100,-99.18289822,-100,-100,-100,-100,-100,-100,-95.83877513,-95.84634645,-95.83877513,-56.75380758,-79.89719324,-100,-100,-89.29756601,-70.77776847,-89.9951993,-87.24915254,-80.12933519,-73.33388883,-49.32984697,-100,-81.07149348,-100,-72.24725557,-54.86072493,-100,-73.23433571,-92.25675365,-98.92144491,-85.63035438,-85.07455516,-100,-39.29170095,-100,-85.26135871,-100
1.74766E+12,16.40866379,7.588722813,-100,-82.38914494,-73.20557346,-84.56002367,-100,-100,-45.08405991,-36.62043992,,-43.85613643,,-100,-41.13080869,-29.01085759,-58.98303255,-92.79398561,-93.63040972,-84.51096022,-100,-100,-62.66512365,-100,-100,-100,-100,-100,-100,-100,-100,-98.01037061,-100,-100,-100,-100,-100,-91.6296124,-100,-100,-86.98896505,-86.40654068,-87.25853444,-87.25853444,-89.41034951,-100,-100,-69.77545043,-69.78333139,-98.23341597,-91.18415172,-91.18415172,-90.81328683,-100,-100,-100,-82.18504393,-82.5088247,-63.00945705,-30.92136237,-30.66747423,-43.95459616,-39.63800478,-39.63800478,-39.9149525,-100,-100,-100,-70.95695907,-70.54270482,-70.42306951,-97.47163629,-97.47163629,-97.47163629,-96.90265924,-84.89230664,-72.42938834,-93.49418458,-93.1320171,-93.1320171,-100,-88.94877755,-88.1712409,-100,-100,-100,-66.68276145,-66.89899251,-54.54810749,-70.28700685,-84.70480264,-84.70480264,-100,-100,-100,-91.98899985,-91.98899985,-61.37256522,-71.91625716,-64.33614537,-55.94321747,-53.77345363,-55.94321747,-100,-86.62357863,-85.82277067,-100,-88.96575841,-92.27994147,-92.27994147,-100,-99.08165713,-100,-100,-100,-100,-100,-100,-96.62740625,-96.63503351,-96.62740625,-55.49217296,-77.91386118,-100,-100,-91.63303074,-73.17414331,-92.25517077,-88.07623533,-83.68801494,-74.17972202,-49.52631558,-100,-78.95968526,-100,-69.44003964,-53.41860717,-100,-75.13273545,-94.57187018,-98.82444202,-86.58363755,-87.59008758,-100,-37.46562734,-100,-83.85481436,-100
1.74766E+12,16.74521236,8.202510286,-100,-86.16217836,-75.65580507,-85.8185445,-100,-100,-44.74358275,-36.64177805,,-44.80830447,,-100,-41.3374671,-28.47449795,-62.57804619,-95.38436172,-96.16985047,-87.54206829,-100,-100,-59.42079628,-100,-100,-100,-100,-100,-100,-100,-100,-97.9691645,-100,-100,-100,-100,-100,-94.01708534,-100,-100,-85.76316296,-85.3270737,-86.25635791,-86.25635791,-92.35066187,-100,-100,-71.23694963,-71.2455322,-98.18199095,-94.22197636,-94.22197636,-93.82849795,-100,-100,-100,-80.45495974,-80.80076499,-62.77104552,-30.08724869,-29.71661187,-43.90670386,-40.03967069,-40.03967069,-40.33596795,-100,-100,-100,-71.40017131,-70.93605414,-70.80410839,-97.45718991,-97.45718991,-97.45718991,-98.89174628,-86.46870689,-74.64992821,-94.96237556,-94.57765418,-94.57765418,-100,-87.94274958,-87.08863702,-100,-100,-100,-65.51796925,-64.04127278,-52.86917776,-67.73862211,-83.47074432,-83.47074432,-100,-100,-100,-91.22473185,-91.22473185,-60.89752247,-68.7440393,-64.09827676,-56.49594825,-54.47210442,-56.49594825,-100,-87.6419185,-86.91662822,-100,-88.11813403,-91.64902801,-91.64902801,-100,-98.99879561,-100,-100,-100,-100,-100,-100,-97.34546925,-97.35318988,-97.34546925,-54.48110234,-76.06132802,-100,-100,-93.90590896,-75.62787739,-94.45057195,-88.96202881,-87.19506112,-75.02123332,-49.87331997,-100,-76.87852553,-100,-66.81435578,-52.1579969,-100,-77.17527855,-96.79606196,-98.74953577,-87.60384323,-90.07348108,-100,-35.98962133,-100,-82.54346292,-100
1.74766E+12,17.0811166,8.816650611,-100,-89.79207831,-78.14375808,-87.09026909,-100,-100,-44.58171517,-36.88034389,,-45.74133099,,-100,-41.60756642,-28.2528815,-66.3197831,-97.76812505,-98.49143709,-90.49393826,-100,-100,-56.46199407,-100,-100,-100,-100,-100,-100,-100,-100,-97.96001568,-100,-100,-100,-100,-100,-96.27511001,-100,-100,-84.562218,-84.34786624,-85.34778426,-85.34778426,-95.13892272,-100,-100,-72.63665813,-72.64577969,-98.15973073,-97.00419675,-97.00419675,-96.59441745,-100,-100,-100,-78.76984414,-79.1318377,-62.63814674,-29.60168137,-29.11280847,-43.97275675,-40.56039196,-40.56039196,-40.87064055,-100,-100,-100,-71.81046826,-71.29608611,-71.1599684,-97.48182395,-97.48182395,-97.48182395,-100,-88.01614879,-77.00181315,-96.36007664,-95.95902684,-95.95902684,-100,-86.95983467,-86.03505316,-100,-100,-100,-64.45235187,-61.43605077,-51.48367966,-65.41630316,-82.35023668,-82.35023668,-100,-100,-100,-90.45590693,-90.45590693,-60.47219543,-65.75722243,-63.84166452,-57.14577921,-55.29714135,-57.14577921,-100,-88.71223043,-88.06382919,-100,-87.35076772,-91.03033043,-91.03033043,-100,-98.93423061,-100,-100,-100,-100,-100,-100,-97.99422941,-98.00211098,-97.99422941,-53.74379885,-74.37535363,-100,-100,-96.05937234,-78.11147964,-96.52612178,-89.89321114,-90.56720365,-75.8389771,-50.350419,-100,-74.85039839,-100,-64.42134472,-51.09566797,-100,-79.32574076,-98.87075751,-98.69619631,-88.67558792,-92.46625202,-100,-34.89800984,-100,-81.352299,-100
1.74766E+12,17.41584592,9.431432104,-100,-93.18940903,-80.64022643,-88.36493075,-100,-100,-44.58591772,-37.3169881,,-46.6346986,,-100,-41.93300819,-28.38320718,-70.14880089,-99.89178681,-100,-93.2891793,-100,-100,-53.85216581,-100,-100,-100,-100,-100,-100,-100,-100,-97.98069169,-100,-100,-100,-100,-100,-98.34362273,-100,-100,-83.39727089,-83.48930087,-84.55165893,-84.55165893,-97.70180055,-100,-100,-73.94870937,-73.95817455,-98.16490324,-99.47477477,-99.47477477,-99.05603488,-100,-100,-100,-77.14798441,-77.51931345,-62.60523156,-29.49956841,-28.89430933,-44.15171729,-41.18930469,-41.18930469,-41.50713659,-100,-100,-100,-72.184762,-71.62010798,-71.48973807,-97.5420264,-97.5420264,-97.5420264,-100,-89.52487982,-79.44481711,-97.65122733,-97.24110144,-97.24110144,-100,-86.00911193,-85.02109352,-100,-100,-100,-63.49545872,-59.13908378,-50.42734534,-63.36965301,-81.36673698,-81.36673698,-100,-100,-100,-89.68543475,-89.68543475,-60.10106747,-63.02585369,-63.57309139,-57.86877566,-56.21808621,-57.86877566,-100,-89.81935564,-89.24751117,-100,-86.67943163,-90.42756788,-90.42756788,-100,-98.8878791,-100,-100,-100,-100,-100,-100,-98.574952,-98.58309225,-98.574952,-53.30346558,-72.89169791,-100,-100,-98.0365926,-80.59745902,-98.42653917,-90.85646047,-93.72117241,-76.61350771,-50.93717157,-100,-72.89768796,-100,-62.3121472,-50.24839419,-100,-81.54789782,-100,-98.66389376,-89.78348808,-94.7099168,-100,-34.22511975,-100,-80.30631718,-100
1.74766E+12,18.10802173,9.535799953,-100,-96.26473478,-83.1160041,-89.63226274,-100,-100,-44.74365091,-37.93256131,,-47.46788991,,-100,-42.30569398,-28.90267391,-74.00565719,-100,-100,-95.8504006,-100,-100,-51.65476028,-100,-100,-100,-100,-100,-100,-100,-100,-98.02896008,-100,-100,-100,-100,-100,-100,-100,-100,-82.27946235,-82.77176014,-83.88682738,-83.88682738,-99.96596386,-100,-100,-75.1472368,-75.15681747,-98.19577639,-100,-100,-100,-100,-100,-100,-75.60766783,-75.98046289,-62.66677085,-29.81581778,-29.09935976,-44.44254795,-41.91554495,-41.91554495,-42.23362233,-100,-100,-100,-72.51996465,-71.90542699,-71.79250594,-97.63428526,-97.63428526,-97.63428526,-100,-90.98514746,-81.93871403,-98.79976714,-98.38884433,-98.38884433,-100,-85.09966049,-84.0573623,-100,-100,-100,-62.65683919,-57.20612916,-49.73590696,-61.64827468,-80.54370247,-80.54370247,-100,-100,-100,-88.91622498,-88.91622498,-59.78862201,-60.61998022,-63.29934009,-58.64100295,-57.20446083,-58.64100295,-100,-90.94813535,-90.45081177,-100,-86.11989795,-89.84445952,-89.84445952,-100,-98.85965801,-100,-100,-100,-100,-100,-100,-99.0889023,-99.09742913,-99.0889023,-53.18330565,-71.64612074,-100,-100,-99.78074143,-83.05832448,-100,-91.83845495,-96.5736973,-77.32537954,-51.61313655,-100,-71.04277834,-100,-60.53790396,-49.63294942,-100,-83.80552549,-100,-98.65209824,-90.9121602,-96.74599179,-100,-34.00527797,-100,-79.43051205,-100
1.74766E+12,17.97453432,8.848645594,-100,-98.9286198,-85.54188504,-90.88199835,-100,-100,-45.04237526,-38.70791418,,-48.22038754,,-100,-42.71752532,-29.84848063,-77.83090961,-100,-100,-98.10021132,-100,-100,-49.93322628,-100,-100,-100,-100,-100,-100,-100,-100,-98.10258839,-100,-100,-100,-100,-100,-100,-100,-100,-81.21993311,-82.21562664,-83.37213506,-83.37213506,-100,-100,-100,-76.20637385,-76.21580915,-98.25061809,-100,-100,-100,-100,-100,-100,-74.16718167,-74.53255664,-62.81723546,-30.58533746,-29.76620505,-44.84421121,-42.72824883,-42.72824883,-43.03826405,-100,-100,-100,-72.81298829,-72.1493504,-72.06736056,-97.75508852,-97.75508852,-97.75508852,-100,-92.3871992,-84.44327787,-99.76963557,-99.36722185,-99.36722185,-100,-84.24055946,-83.15446371,-100,-100,-100,-61.9460427,-55.69294422,-49.44509668,-60.3017712,-79.90459038,-79.90459038,-100,-100,-100,-88.15118726,-88.15118726,-59.53934243,-58.60964917,-63.02719336,-59.43852639,-58.225787,-59.43852639,-100,-92.08341078,-91.65686861,-100,-85.68793882,-89.28472448,-89.28472448,-100,-98.8494843,-100,-100,-100,-100,-100,-100,-99.53734559,-99.54641707,-99.53734559,-53.40652216,-70.67438201,-100,-100,-100,-85.46658497,-100,-92.82587274,-99.0415082,-77.95514694,-52.35787281,-100,-69.30805364,-100,-59.14975575,-49.26610747,-100,-86.06239952,-100,-98.66027989,-92.04622076,-98.51599336,-100,-34.27281138,-100,-78.74987819,-100
1.74766E+12,17.8290031,8.163940795,-100,-100,-87.88866322,-92.10387087,-100,-100,-45.46955131,-39.62389736,,-48.87167409,,-100,-43.16040378,-31.25782627,-81.56511579,-100,-100,-99.96122065,-100,-100,-48.75101258,-100,-100,-100,-100,-100,-100,-100,-100,-98.19934419,-100,-100,-100,-100,-100,-100,-100,-100,-80.22982387,-81.84128294,-83.02642741,-83.02642741,-100,-100,-100,-77.10025399,-77.10925029,-98.32769625,-100,-100,-100,-100,-100,-100,-72.84481322,-73.19286534,-63.05109626,-31.84303542,-30.9330905,-45.35566953,-43.61655242,-43.61655242,-43.90922802,-100,-100,-100,-73.06074502,-72.34918543,-72.31339046,-97.90092419,-97.90092419,-97.90092419,-100,-93.72128252,-86.91828258,-100,-100,-100,-100,-83.44088795,-82.32300194,-100,-100,-100,-61.37261865,-54.65528629,-49.59064665,-59.37974556,-79.47285796,-79.47285796,-100,-100,-100,-87.39323126,-87.39323126,-59.35771214,-57.06490769,-62.76343391,-60.23741131,-59.25158655,-60.23741131,-100,-93.21002315,-92.84881928,-100,-85.39932643,-88.75208191,-88.75208191,-100,-98.85727493,-100,-100,-100,-100,-100,-100,-99.92154716,-99.93135148,-99.92154716,-53.99631822,-70.01224161,-100,-100,-100,-87.79474945,-100,-93.805392,-100,-78.48336428,-53.15093923,-100,-67.71589796,-100,-58.19884328,-49.16464218,-100,-88.28229566,-100,-98.68790884,-93.17028625,-99.9614379,-100,-35.06204688,-100,-78.2894102,-100
1.74766E+12,17.67359926,7.481409002,-100,-100,-90.12713259,-93.28761358,-100,-100,-46.01263957,-40.6613615,,-49.40123218,,-100,-43.62623091,-33.16790976,-85.14883334,-100,-100,-100,-100,-100,-48.17156797,-100,-100,-100,-100,-100,-100,-100,-100,-98.316995,-100,-100,-100,-100,-100,-100,-100,-100,-79.32027537,-81.66911161,-82.86854988,-82.86854988,-100,-100,-100,-77.80301064,-77.81124157,-98.42527879,-100,-100,-100,-100,-100,-100,-71.65884976,-71.97865963,-63.3628241,-33.62381964,-32.63826139,-45.97588539,-44.56959179,-44.56959179,-44.83468051,-100,-100,-100,-73.26014694,-72.50223935,-72.52968419,-98.06828026,-98.06828026,-98.06828026,-100,-94.97764491,-89.32350211,-100,-100,-100,-100,-82.7097251,-81.57358121,-100,-100,-100,-60.94611643,-54.14891271,-50.20828904,-58.9318008,-79.27196247,-79.27196247,-100,-100,-100,-86.64526663,-86.64526663,-59.24821453,-56.05580291,-62.51484447,-61.01372303,-60.25138128,-61.01372303,-100,-94.31281369,-94.0098014,-100,-85.26983292,-88.25025097,-88.25025097,-100,-98.88294684,-100,-100,-100,-100,-100,-100,-100,-100,-100,-54.97589694,-69.69545942,-100,-100,-100,-90.01532685,-100,-94.76369088,-100,-78.89058594,-53.9718947,-100,-66.28869542,-100,-57.73630732,-49.34532738,-100,-90.42898967,-100,-98.73445522,-94.26897314,-100,-100,-36.40731137,-100,-78.07410267,-100
1.74766E+12,17.53341258,6.795590008,-100,-100,-92.22808713,-94.42295976,-100,-100,-46.65910058,-41.80115724,,-49.78854441,,-100,-44.10690825,-35.61593002,-88.52261989,-100,-100,-100,-100,-100,-48.25834125,-100,-100,-100,-100,-100,-100,-100,-100,-98.45330839,-100,-100,-100,-100,-100,-100,-100,-100,-78.50242833,-81.71949521,-82.91734793,-82.91734793,-100,-100,-100,-78.28877724,-78.2958837,-98.54163362,-100,-100,-100,-100,-100,-100,-70.62757856,-70.90721013,-63.74688985,-35.9625981,-34.91996304,-46.70382126,-45.57650303,-45.57650303,-45.80278779,-100,-100,-100,-73.40810615,-72.6058194,-72.71533029,-98.25364472,-98.25364472,-98.25364472,-100,-96.14653384,-91.61871039,-100,-100,-100,-100,-82.05615,-80.9168057,-100,-100,-100,-60.67608545,-54.22958078,-51.33375601,-59.00753993,-79.32536115,-79.32536115,-100,-100,-100,-85.91020303,-85.91020303,-59.21533299,-55.65238197,-62.28820779,-61.74352689,-61.19469299,-61.74352689,-100,-95.37662361,-95.12295258,-100,-85.31523048,-87.78295081,-87.78295081,-100,-98.92641698,-100,-100,-100,-100,-100,-100,-100,-100,-100,-56.36846142,-69.75979532,-100,-100,-100,-92.10082613,-100,-95.68744752,-100,-79.15736628,-54.80029807,-100,-65.04883012,-100,-57.81328858,-49.82493691,-100,-92.4662573,-100,-98.79938915,-95.32689791,-100,-100,-38.34293175,-100,-78.12895017,-100
1.74766E+12,17.39928745,6.108559841,-100,-100,-94.16232078,-95.4996427,-100,-100,-47.39639485,-43.02413525,,-50.0130934,,-100,-44.59433735,-38.639086,-91.62703306,-100,-100,-100,-100,-100,-49.07478118,-100,-100,-100,-100,-100,-100,-100,-100,-98.60605189,-100,-100,-100,-100,-100,-100,-100,-100,-77.78742345,-82.01281633,-83.19166701,-83.19166701,-100,-100,-100,-78.53168725,-78.53727736,-98.67502866,-100,-100,-100,-100,-100,-100,-69.76928691,-69.99578749,-64.19776436,-38.89427877,-37.81644074,-47.53843961,-46.62642223,-46.62642223,-46.80171614,-100,-100,-100,-73.50153475,-72.65723282,-72.8694173,-98.45350557,-98.45350557,-98.45350557,-100,-97.21819681,-93.76368139,-100,-100,-100,-100,-81.48924179,-80.36327963,-100,-100,-100,-60.57207511,-54.95304785,-53.00277971,-59.65656597,-79.65651125,-79.65651125,-100,-100,-100,-85.19095012,-85.19095012,-59.26355093,-55.92469204,-62.09030657,-62.40288821,-62.05104351,-62.40288821,-100,-96.38629413,-96.17141041,-100,-85.55129126,-87.35390056,-87.35390056,-100,-98.98760231,-100,-100,-100,-100,-100,-100,-100,-100,-100,-58.19721477,-70.24100921,-100,-100,-100,-94.02375624,-100,-96.5633401,-100,-79.26425966,-55.61570824,-100,-64.01868616,-100,-58.48092782,-50.6202446,-100,-94.3578743,-100,-98.88218077,-96.32867704,-100,-100,-40.90323491,-100,-78.4789473,-100
1.74766E+12,17.28315264,5.418260843,-100,-100,-95.90062751,-96.50739568,-100,-100,-48.21198292,-44.31114616,,-50.05436175,,-100,-45.08041978,-42.27457662,-94.40263046,-100,-100,-100,-100,-100,-50.68433657,-100,-100,-100,-100,-100,-100,-100,-100,-98.77299306,-100,-100,-100,-100,-100,-100,-100,-100,-77.18640147,-82.56945753,-83.71035256,-83.71035256,-100,-100,-100,-78.50587411,-78.50952325,-98.82373182,-100,-100,-100,-100,-100,-100,-69.10226209,-69.26166234,-64.70991849,-42.45376964,-41.36593978,-48.47870291,-47.70848547,-47.70848547,-47.81963183,-100,-100,-100,-73.53734483,-72.65378686,-72.99103376,-98.66435081,-98.66435081,-98.66435081,-100,-98.18288129,-95.71818906,-100,-100,-100,-100,-81.01807958,-79.92360719,-100,-100,-100,-60.64363482,-56.37507124,-55.2510923,-60.92848193,-80.28887001,-80.28887001,-100,-100,-100,-84.49041755,-84.49041755,-59.39735174,-56.94278023,-61.92792355,-62.96787232,-62.78995464,-62.96787232,-100,-97.32666647,-97.13831251,-100,-85.99378743,-86.96681938,-86.96681938,-100,-99.06641978,-100,-100,-100,-100,-100,-100,-100,-100,-100,-60.4853601,-71.17486098,-100,-100,-100,-95.75662612,-100,-97.37804676,-100,-79.19182046,-56.39768407,-100,-63.22064766,-100,-59.79036576,-51.74802428,-100,-96.06761642,-100,-98.9823002,-97.25892702,-100,-100,-44.12254775,-100,-79.14908866,-100
1.74766E+12,17.14701542,4.731626546,-100,-100,-97.41380128,-97.43595199,-100,-100,-49.09332531,-45.64304063,,-49.89183209,,-100,-45.55705708,-46.5596008,-96.78996973,-100,-100,-100,-100,-100,-53.1504562,-99.79217738,-99.73560594,-100,-100,-100,-100,-100,-100,-98.95189944,-100,-100,-100,-100,-100,-100,-100,-100,-76.71050311,-83.40980139,-84.49225003,-84.49225003,-100,-100,-100,-78.18547125,-78.18672207,-98.98601102,-100,-100,-100,-100,-100,-100,-68.64479136,-68.7221053,-65.2778231,-46.67597868,-45.60670547,-49.52357364,-48.81182883,-48.81182883,-48.84470113,-100,-100,-100,-73.51244849,-72.59278877,-73.07926821,-98.88266843,-98.88266843,-98.88266843,-100,-99.03083477,-97.44200733,-99.81735927,-99.71892991,-99.71892991,-100,-80.65174248,-79.60839258,-100,-100,-100,-60.90031398,-58.55140827,-58.11442594,-62.87289083,-81.24589468,-81.24589468,-100,-100,-100,-83.81151497,-83.81151497,-59.62121882,-58.77669371,-61.80784147,-63.41454453,-63.38094819,-63.41454453,-100,-98.18258185,-98.00679648,-100,-86.65849116,-86.62542642,-86.62542642,-100,-99.16278634,-100,-100,-100,-100,-100,-100,-100,-100,-100,-63.25610051,-72.5971105,-100,-100,-100,-97.27194474,-100,-98.11824565,-100,-78.92060303,-57.12578446,-100,-62.67709872,-100,-61.79274316,-53.22504977,-100,-97.55925941,-100,-99.09921758,-98.10226433,-100,-100,-48.03519715,-100,-80.16436881,-100
1.74766E+12,17.02869717,4.04169844,-100,-100,-100,-100,-100,-100,-51,-48,,-51,,-100,-47,-50,-100,-100,-100,-100,-100,-100,-55,-100,-100,-100,-100,-100,-100,-100,-100,-100,-100,-100,-100,-100,-100,-100,-100,-100,-75,-83,-84,-84,-100,-100,-100,-79,-79,-100,-100,-100,-100,-100,-100,-100,-67,-67,-67,-50,-49,-50,-51,-51,-51,-100,-100,-100,-73,-72,-72,-100,-100,-100,-100,-100,-100,-100,-100,-100,-100,-79,-78,-100,-100,-100,-60,-60,-60,-64,-81,-81,-100,-100,-100,-84,-84,-60,-60,-61,-65,-65,-65,-100,-100,-100,-100,-86,-86,-86,-100,-100,-100,-100,-100,-100,-100,-100,-100,-100,-100,-65,-73,-100,-100,-100,-100,-100,-100,-100,-80,-59,-100,-61,-100,-63,-54,-100,-100,-100,-100,-100,-100,-100,-51,-100,-80,-100
1.74766E+12,16.88585892,3.356426791,-100,-94.74293928,-99.65703342,-99.01688896,-100,-100,-51.00492692,-48.36791974,,-48.88336966,,-100,-46.45302597,-57.19795346,-100,-95.08861954,-95.04507846,-95.63753774,-100,-95.95188439,-60.86936486,-96.75866932,-97.61178418,-100,-100,-100,-100,-100,-100,-99.3365608,-100,-100,-100,-100,-100,-95.42530885,-100,-96.16471384,-76.17621748,-86.01113056,-86.90995355,-86.90995355,-94.84239362,-93.88897183,-100,-76.56990527,-76.56497422,-99.34413517,-94.74518322,-94.74518322,-94.86583596,-100,-95.80649221,-94.36904263,-68.42622535,-68.29111971,-66.56054462,-57.21937083,-56.28480449,-51.92298723,-51.04076606,-51.04076606,-50.87166579,-100,-100,-96.25197557,-73.26873445,-72.28791268,-73.15112553,-99.32786914,-99.32786914,-99.32786914,-95.41902401,-100,-100,-96.7890413,-96.91213964,-96.91213964,-100,-80.26780285,-79.39084639,-93.76896774,-93.52874134,-93.88897183,-62.00351195,-65.35766464,-65.80319304,-68.9487569,-84.21399913,-84.21399913,-96.04593863,-100,-96.16471384,-82.53201299,-82.53201299,-60.35708536,-65.13583342,-61.72299469,-63.86631597,-64.00824502,-63.86631597,-100,-99.58202682,-99.38555617,-100,-88.7082775,-86.09458174,-86.09458174,-95.56742444,-99.40726923,-95.34488215,-95.50357477,-96.4078223,-100,-100,-100,-100,-100,-100,-70.31814001,-77.02897647,-100,-100,-95.64493864,-99.54851014,-95.66664256,-99.3252108,-94.98450641,-77.71595209,-58.34544277,-100,-62.43626655,-100,-68.05115072,-57.28248541,-94.60899927,-99.7538279,-95.10840266,-99.38083815,-99.46946503,-96.11019166,-94.52746996,-58.04887674,-100,-83.31566525,-96.11925482
1.74766E+12,16.64458282,2.699322656,-100,-90.01101279,-100,-99.66362369,-100,-100,-52.02097794,-49.74082711,,-48.0567653,,-100,-46.87670154,-63.45112686,-100,-91.05424899,-90.97020547,-91.85770562,-100,-93.19173913,-66.02814083,-94.98652166,-96.39397561,-100,-100,-100,-100,-100,-100,-99.5371475,-100,-100,-100,-100,-100,-91.6810491,-100,-93.71730082,-76.12557596,-87.7409003,-88.51679655,-88.51679655,-90.37187256,-88.88656748,-100,-75.29785958,-75.28978667,-99.535112,-90.32260605,-90.32260605,-90.57724562,-100,-92.95497997,-89.90396865,-68.66908857,-68.40628186,-67.27496779,-63.43749574,-62.61734767,-53.27545505,-52.15582692,-52.15582692,-51.86609444,-99.90828397,-99.90828397,-92.25880023,-73.04703793,-72.04193425,-73.12800725,-99.54890614,-99.54890614,-99.54890614,-91.96611292,-100,-100,-94.66735891,-94.92333608,-94.92333608,-100,-80.25601494,-79.49227938,-88.63223816,-88.12343402,-88.88656748,-62.84683175,-69.90477096,-70.54473892,-73.00636445,-86.18936371,-86.18936371,-93.46361451,-100,-93.71730082,-81.94788015,-81.94788015,-60.87805163,-69.58304397,-61.77949766,-63.87815403,-64.04944329,-63.87815403,-100,-100,-99.88908125,-100,-90.0689097,-85.91256832,-85.91256832,-92.44670801,-99.55182765,-92.07113438,-92.35804727,-92.9370727,-100,-100,-100,-100,-100,-100,-74.53561124,-79.98491739,-100,-100,-92.15500925,-100,-92.20241097,-99.78560152,-90.54112688,-76.81503382,-58.83720892,-100,-62.74331507,-100,-72.23109121,-59.82775426,-90.41264579,-100,-91.05986648,-99.54155045,-99.97935053,-93.06981146,-90.07783103,-64.04494154,-100,-85.4137188,-93.35380405
1.74766E+12,15.94460939,2.705421977,-100,-84.54202567,-100,-100,-100,-100,-53.07436686,-51.11846351,,-47.06501973,,-100,-47.29961993,-70.15352367,-100,-86.51793139,-86.37093982,-87.43079354,-100,-90.14352919,-71.8554549,-93.1043796,-95.11169651,-100,-100,-100,-100,-100,-100,-99.73936283,-99.78667464,-99.8961916,-100,-100,-100,-87.43118955,-100,-91.10965684,-76.2155495,-89.69194153,-90.32892539,-90.32892539,-85.2857517,-83.53311891,-100,-73.77745904,-73.76707027,-99.72992861,-85.31609007,-85.31609007,-85.71475194,-100,-89.91310645,-85.12801646,-69.12942294,-68.72919352,-68.04435393,-70.11222245,-69.43157716,-54.72838017,-53.27110191,-53.27110191,-52.85274331,-99.54401372,-99.54401372,-88.15599019,-72.75887736,-71.73420281,-73.05802465,-99.76572336,-99.76572336,-99.76572336,-88.10259782,-100,-100,-92.2450527,-92.643896,-92.643896,-100,-80.36068139,-79.72569938,-83.13442107,-82.33695984,-83.53311891,-63.86887299,-75.04056491,-75.73353071,-77.58876567,-88.41796382,-88.41796382,-90.7109952,-100,-91.10965684,-81.41831043,-81.41831043,-61.50701774,-74.69004842,-61.92083689,-63.78515787,-63.95251396,-63.78515787,-100,-100,-100,-100,-91.60284866,-85.79111971,-85.79111971,-89.11553946,-99.70681931,-88.64300675,-89.06614891,-89.31794985,-99.83067052,-100,-100,-100,-100,-100,-79.08802181,-83.32190501,-100,-100,-88.18779881,-100,-88.26028962,-100,-85.3918584,-75.78036782,-59.27551604,-100,-63.31351665,-99.94286868,-76.95179181,-62.65198636,-85.92549648,-100,-86.5106295,-99.71107891,-100,-89.54887917,-85.28441406,-70.52441217,-100,-87.7809857,-90.34372098
1.74766E+12,15.24460989,2.706260001,-100,-78.53091096,-100,-100,-99.86921007,-99.84698653,-54.16342493,-52.499901,,-45.94797874,,-100,-47.73422358,-77.1677899,-100,-81.62618794,-81.37546091,-82.49853012,-100,-86.87664943,-78.19384519,-91.15987688,-93.79607477,-100,-100,-100,-100,-99.86921007,-100,-99.94027098,-99.54443658,-99.65141754,-100,-100,-100,-82.8180046,-100,-88.40845969,-76.44274314,-91.81265611,-92.29853157,-92.29853157,-79.75558023,-77.96748963,-100,-72.05768763,-72.04648346,-99.92544895,-79.86967771,-79.86967771,-80.41860662,-100,-86.7589579,-80.16486197,-69.79289969,-69.24917477,-68.87383844,-77.10558479,-76.58445751,-56.28072508,-54.38692192,-54.38692192,-53.83597943,-99.31046572,-99.31046572,-84.0266291,-72.40446183,-71.36531068,-72.93534802,-99.97598672,-99.97598672,-99.97598672,-83.92330129,-100,-100,-89.60538845,-90.15331843,-90.15331843,-100,-80.57853773,-80.08426678,-77.41817705,-76.31957133,-77.96748963,-65.05688725,-80.62647615,-81.24994867,-82.57250791,-90.840627,-90.840627,-87.85856754,-100,-88.40845969,-80.95686074,-80.95686074,-62.24846711,-80.30878394,-62.1614973,-63.618001,-63.75283022,-63.618001,-99.99133663,-100,-100,-100,-93.26987179,-85.73395506,-85.73395506,-85.65960822,-99.86876937,-85.12405547,-85.68802669,-85.61620788,-99.58720261,-100,-99.93030961,-100,-100,-100,-83.87834077,-86.95050389,-100,-100,-83.87692987,-100,-83.96530528,-100,-79.7091939,-74.66391498,-59.68101347,-100,-64.12881894,-99.74747925,-82.08602211,-65.70326659,-81.26363268,-100,-81.6072325,-99.88596249,-100,-85.67408994,-80.27575158,-77.34799635,-100,-90.35450863,-87.15380818
1.74766E+12,14.54469666,2.717280941,-100,-72.17260168,-100,-100,-99.65676008,-99.63657688,-55.28648342,-53.88421168,,-44.74548813,,-99.60175175,-48.19295491,-84.35657153,-100,-76.52553984,-76.11194815,-77.20264393,-100,-83.4604947,-84.88584987,-89.20064722,-92.47823832,-99.74137657,-100,-100,-100,-99.65676008,-100,-100,-99.38124293,-99.46916657,-99.67672072,-99.67672072,-99.69827267,-77.98376866,-100,-85.68038712,-76.80376188,-94.05144587,-94.37780659,-94.37780659,-73.95290732,-72.32854321,-99.76645749,-70.18752936,-70.17768465,-100,-74.12741139,-74.12741139,-74.82906137,-100,-83.57062053,-75.13818112,-70.64519005,-69.95554568,-69.76855671,-84.27961658,-83.93295325,-57.93145223,-55.50361788,-55.50361788,-54.82016981,-99.19237781,-99.19237781,-79.95380057,-71.98400043,-70.93585018,-72.75414768,-100,-100,-100,-79.52304591,-100,-100,-86.83163193,-87.5311024,-87.5311024,-100,-80.90631947,-80.56114194,-71.6261667,-70.22152099,-72.32854321,-66.39812612,-86.52393435,-86.97437307,-87.83413854,-93.39818082,-93.39818082,-84.97681838,-100,-85.68038712,-80.57708798,-80.57708798,-63.10688312,-86.29118771,-62.51596384,-63.40735694,-63.48576524,-63.40735694,-99.73513941,-100,-100,-100,-95.02975655,-85.74479351,-85.74479351,-82.16460375,-100,-81.57783676,-82.28382761,-81.89760097,-99.41616201,-99.66768447,-99.69967497,-100,-100,-100,-88.80953714,-90.78127862,-99.65666521,-99.65666521,-79.35602497,-100,-79.44248468,-100,-73.66562633,-73.51763619,-60.07435054,-100,-65.17116959,-99.58026354,-87.50655169,-68.92967983,-76.54313576,-100,-76.49621629,-100,-100,-81.57213893,-75.18037614,-84.37640182,-100,-93.07133028,-83.84886821
1.74766E+12,13.84563644,2.753541286,-100,-65.66203087,-100,-100,-99.47339277,-99.45798928,-56.4418736,-55.27046761,,-43.49739369,,-99.02314678,-48.68825634,-91.58251456,-100,-71.36250829,-70.70858094,-71.68486359,-100,-79.96445986,-91.77400706,-87.27432437,-91.18931506,-99.40927369,-100,-100,-100,-99.47339277,-100,-100,-99.28817486,-99.34336981,-99.26159212,-99.26159212,-99.31081931,-73.07075615,-100,-82.9921169,-77.29521073,-96.35671267,-96.51894197,-96.51894197,-68.04928215,-66.75514316,-99.42328274,-68.2159682,-68.21033227,-100,-68.23333353,-68.23333353,-69.08636787,-100,-80.42618059,-70.17164983,-71.67196527,-70.83762631,-70.73364412,-91.49635166,-91.33402892,-59.6795241,-56.62152071,-56.62152071,-55.8096815,-99.17448781,-99.17448781,-76.02058825,-71.49770224,-70.44641363,-72.50859392,-100,-100,-100,-74.99665426,-100,-100,-84.00704891,-84.85674695,-84.85674695,-100,-81.3407621,-81.14948527,-65.90105059,-64.19306136,-66.75514316,-67.8798412,-92.59436917,-92.78718417,-93.25020488,-96.03145283,-96.03145283,-82.13623455,-100,-82.9921169,-80.29254907,-80.29254907,-64.08674919,-92.4891969,-62.99872143,-63.18389918,-63.18669222,-63.18389918,-99.43637926,-100,-100,-100,-96.84228034,-85.82735422,-85.82735422,-78.71621551,-100,-78.06790684,-78.91369867,-78.22788327,-99.30977551,-99.06347575,-99.44817529,-99.82542499,-99.82454273,-99.82542499,-93.78457994,-94.72479379,-99.05670186,-99.05670186,-74.75870667,-100,-74.81685456,-100,-67.43364861,-72.39349231,-60.47617659,-100,-66.42251623,-99.39275247,-93.08615015,-72.27931095,-71.88008707,-100,-71.32412167,-100,-100,-77.36972127,-70.12682027,-91.4703363,-100,-95.86849333,-80.49370364
1.74766E+12,13.14652816,2.788862958,-100,-58,-100,-100,-100,-100,-57,-56,,-41,,-100,-48,-100,-100,-65,-64,-65,-100,-75,-100,-84,-89,-100,-100,-100,-100,-100,-100,-100,-100,-100,-100,-100,-100,-67,-100,-79,-79,-100,-100,-100,-61,-60,-100,-65,-65,-100,-61,-61,-62,-100,-76,-64,-74,-73,-71,-100,-100,-62,-57,-57,-56,-100,-100,-72,-71,-70,-73,-100,-100,-100,-69,-100,-100,-80,-81,-81,-100,-83,-83,-59,-57,-60,-71,-100,-100,-100,-100,-100,-78,-100,-79,-79,-79,-65,-100,-64,-62,-62,-62,-100,-100,-100,-100,-100,-86,-86,-74,-100,-73,-74,-74,-100,-100,-100,-100,-100,-100,-100,-100,-100,-100,-69,-100,-69,-100,-60,-70,-60,-100,-69,-100,-100,-77,-66,-100,-65,-100,-100,-72,-64,-100,-100,-100,-76
1.74766E+12,12.44731992,2.822146991,-100,-52.96383679,-100,-100,-99.19170905,-99.19196527,-58.84297407,-58.0451036,,-41.0237765,,-97.63674307,-49.83833923,-100,-100,-61.43537966,-59.99500085,-60.55053483,-100,-73.01032927,-100,-83.71093401,-88.82271979,-98.63440013,-100,-100,-100,-99.19170905,-100,-100,-99.27674012,-99.23686339,-98.29300017,-98.29300017,-98.40680016,-63.57749908,-100,-78.00169457,-78.65581882,-100,-100,-100,-56.6253717,-56.36043638,-98.46645857,-64.16457317,-64.1786005,-100,-56.56591287,-56.56591287,-57.70254295,-100,-74.58133789,-60.91373962,-74.19165522,-73.08619698,-72.89546795,-100,-100,-63.46355189,-58.86227059,-58.86227059,-57.82213689,-99.3782529,-99.3782529,-68.90534676,-70.32843186,-69.28998163,-71.80110737,-100,-100,-100,-65.94475246,-99.80035595,-99.93075926,-78.53846645,-79.66961385,-79.66961385,-100,-82.5165721,-82.63321793,-55.22214345,-52.94592429,-56.36043638,-71.21370633,-100,-100,-100,-100,-100,-76.86051025,-100,-78.00169457,-80.06340038,-80.06340038,-66.42876503,-100,-64.40704952,-62.82123662,-62.63401472,-62.82123662,-98.57993822,-100,-100,-100,-100,-86.22251899,-86.22251899,-72.30204546,-100,-71.41113827,-72.51623915,-71.29813211,-99.25987208,-97.5576375,-98.77715216,-98.89317932,-98.84289833,-98.89317932,-100,-100,-97.57072752,-97.57072752,-65.86932005,-100,-65.7572728,-100,-55.09443454,-70.41945284,-61.38789297,-100,-69.47998808,-98.76296778,-100,-79.14056641,-63.19065984,-100,-61.38286036,-100,-100,-69.17026663,-60.65929742,-100,-100,-100,-73.89191096
1.74766E+12,11.74844166,2.861759891,-100,-47.16607959,-100,-100,-99.09229408,-99.10237142,-60.08534689,-59.43162781,,-39.87794534,,-96.81923737,-50.51800554,-100,-99.38205057,-56.96432498,-54.94114677,-55.21744362,-100,-69.69102323,-100,-82.16913395,-87.8073036,-98.18877873,-100,-100,-100,-99.09229408,-100,-100,-99.3405358,-99.24401597,-97.73597341,-97.73597341,-97.88690852,-59.28180334,-100,-75.832898,-79.51818808,-100,-100,-100,-51.44818479,-51.81685672,-97.79431522,-62.18270729,-62.21353794,-100,-51.08065491,-51.08065491,-52.34191493,-100,-72.0371076,-56.86971254,-75.65591244,-74.43132715,-74.10247515,-100,-100,-65.49743276,-59.98577947,-59.98577947,-58.85381465,-99.56938365,-99.56938365,-65.88948485,-69.64587783,-68.62417082,-71.32751518,-100,-100,-100,-61.60888746,-98.94461104,-98.82747296,-76.06099855,-77.31583426,-77.31583426,-100,-83.2514105,-83.51492804,-50.55367359,-48.0277519,-51.81685672,-73.04035956,-100,-100,-100,-100,-100,-74.56634346,-100,-75.832898,-80.14590442,-80.14590442,-67.79988161,-100,-65.36158989,-62.74337884,-62.45115662,-62.74337884,-97.95664137,-99.94278039,-100,-100,-100,-86.54256135,-86.54256135,-69.50764257,-100,-68.39141205,-69.60920257,-68.16960697,-99.30080876,-96.6383037,-98.3049144,-98.3086177,-98.22016372,-98.3086177,-100,-100,-96.66834618,-96.66834618,-61.84449682,-100,-61.57337463,-100,-49.33218406,-69.673479,-61.93908197,-100,-71.25000857,-98.22375595,-100,-82.54836049,-59.39644402,-100,-56.90677527,-100,-100,-65.42661994,-56.50239551,-100,-100,-100,-70.77488798
1.74766E+12,11.04861374,2.877280519,-100,-41.99579299,-99.95464109,-100,-99.01976465,-99.04028468,-61.35337645,-60.8163856,,-38.84589352,,-95.91239113,-51.28401166,-100,-98.46383981,-53.01697165,-50.26015588,-50.22937265,-100,-66.56941651,-100,-80.85077563,-86.94531227,-97.70246709,-100,-100,-100,-99.01976465,-100,-100,-99.43878173,-99.28334721,-97.12808387,-97.12808387,-97.31954494,-55.47642868,-100,-73.97061484,-80.49740749,-100,-100,-100,-46.85624232,-47.89427759,-96.95402174,-60.29537448,-60.3485555,-100,-46.01975509,-46.01975509,-47.38914547,-100,-69.84911964,-53.38053872,-77.23733947,-75.90944731,-75.40039304,-100,-100,-67.62450822,-61.11181887,-61.11181887,-59.90828182,-99.79966364,-99.79966364,-63.34557368,-68.89832338,-67.90075323,-70.76625079,-100,-100,-100,-57.5261765,-97.86485746,-97.47211667,-73.86576723,-75.22791135,-75.22791135,-100,-84.07985183,-84.48074784,-46.52274033,-43.78018029,-47.89427759,-74.95649536,-100,-100,-100,-100,-100,-72.59528935,-100,-73.97061484,-80.37786992,-80.37786992,-69.31038182,-100,-66.50236105,-62.77540141,-62.3777832,-62.77540141,-97.15954969,-99.30825767,-100,-100,-100,-86.94920255,-86.94920255,-67.10261369,-100,-65.6621995,-66.9768241,-65.35298766,-99.3753068,-95.59622392,-97.70638295,-97.64099698,-97.50375601,-97.64099698,-100,-100,-95.64878848,-95.64878848,-58.27775038,-100,-57.78677393,-100,-44.07149521,-69.15748361,-62.58135729,-100,-73.15681564,-97.47037233,-100,-85.87171199,-56.12400187,-99.68952525,-52.95577495,-100,-100,-62.08928721,-52.90144334,-100,-100,-100,-67.86685065
1.74766E+12,10.3492068,2.906088923,-100,-37.64791003,-99.50277409,-100,-98.97357149,-99.00462634,-62.64539401,-62.19844907,,-37.96746686,,-94.91135088,-52.14880002,-100,-97.5263841,-49.73984088,-46.0802076,-45.72805052,-100,-63.71490394,-100,-79.80349277,-86.2678737,-97.17403986,-100,-100,-100,-98.97357149,-100,-100,-99.56255909,-99.34878826,-96.46754983,-96.46754983,-96.70304651,-52.30364953,-100,-72.48152285,-81.59008208,-100,-100,-100,-43.02109346,-44.73156255,-95.91633118,-58.55155872,-58.63331161,-100,-41.52725583,-41.52725583,-42.98448626,-100,-68.09546026,-50.56989407,-78.92160754,-77.50987751,-76.79435704,-100,-100,-69.84374077,-62.24071971,-62.24071971,-60.98990543,-100,-100,-61.35669687,-68.08597757,-67.12032117,-70.11148449,-100,-100,-100,-53.79144217,-96.55134269,-95.87125389,-72.03603827,-73.48534414,-73.48534414,-100,-84.99863161,-85.52383771,-43.27200424,-40.353462,-44.73156255,-76.94936531,-100,-100,-100,-100,-100,-71.01783478,-100,-72.48152285,-80.77285379,-80.77285379,-70.96474906,-100,-67.84384794,-62.94797783,-62.44926763,-62.94797783,-96.15585517,-98.50458324,-100,-100,-100,-87.44616175,-87.44616175,-65.17264828,-100,-63.28705685,-64.67925075,-62.91402834,-99.47559299,-94.42254604,-96.95520066,-96.88724225,-96.68937655,-96.88724225,-100,-100,-94.50386925,-94.50386925,-55.30270328,-99.85499707,-54.52249746,-100,-39.48486092,-68.92342755,-63.33536827,-100,-75.18235693,-96.45434782,-100,-89.05870578,-53.48941475,-99.2063314,-49.6764002,-100,-99.56791367,-59.28496357,-49.98497343,-100,-100,-100,-65.23260156
1.74766E+12,9.6493104,2.918131823,-100,-34.31736373,-99.04719927,-100,-98.95316529,-98.99431766,-63.95973084,-63.57689028,,-37.28251113,,-93.81126314,-53.12481304,-100,-96.61847323,-47.27945386,-42.52948132,-41.85520583,-100,-61.19688041,-100,-79.07491911,-85.80611581,-96.60207168,-100,-100,-100,-98.95316529,-100,-100,-99.70294904,-99.43427021,-95.75258959,-95.75258959,-96.03575029,-49.90574028,-100,-71.43229981,-82.79281684,-100,-100,-100,-40.1142874,-42.46757512,-94.65199657,-57.000244,-57.11746468,-100,-37.74719956,-37.74719956,-39.26818902,-100,-66.85421568,-48.56145453,-80.6943879,-79.22193783,-78.28950251,-100,-100,-72.15409286,-63.37281288,-63.37281288,-62.10305252,-100,-100,-60.00593806,-67.20904951,-66.28346697,-69.35738659,-100,-100,-100,-50.49950703,-94.9943142,-94.03144813,-70.65507744,-72.16763167,-72.16763167,-100,-86.00448535,-86.63735805,-40.94412591,-37.89784954,-42.46757512,-79.006221,-100,-100,-100,-100,-100,-69.90446657,-100,-71.43229981,-81.34441293,-81.34441293,-72.76746673,-100,-69.4005355,-63.29178161,-62.70098309,-63.29178161,-94.91274986,-97.52631937,-100,-100,-100,-88.03715809,-88.03715809,-63.80343578,-100,-61.3295403,-62.77662949,-60.91848317,-99.59389416,-93.10841792,-96.02501038,-96.04427858,-95.77272673,-96.04427858,-100,-100,-93.22540329,-93.22540329,-53.05297805,-99.43329847,-51.90557195,-100,-35.74477413,-69.02327169,-64.22176425,-100,-77.30858007,-95.1272133,-100,-92.05742675,-51.60876402,-98.72559664,-47.21519182,-100,-98.9923675,-57.14034419,-47.88151834,-100,-100,-100,-62.93694325
1.74766E+12,8.949985424,2.948865791,-100,-32.19908714,-98.61335635,-100,-98.95799678,-99.0082799,-65.2947182,-64.95078132,,-36.83087213,,-92.60727442,-54.22449315,-100,-95.78889699,-45.7823318,-39.73615646,-38.75256718,-100,-59.08474074,-100,-78.71268838,-85.59116652,-95.98513717,-100,-100,-100,-98.95799678,-100,-100,-99.85103276,-99.53372419,-94.98142146,-94.98142146,-95.31599336,-48.42497536,-100,-70.88962349,-84.1022168,-100,-100,-100,-38.3073733,-41.24117884,-93.13177096,-55.69041432,-55.85067314,-100,-34.82362869,-34.82362869,-36.38050543,-100,-66.20347214,-47.47889601,-82.54135178,-81.03494833,-79.89096486,-100,-100,-74.55452698,-64.50842931,-64.50842931,-63.2520901,-100,-100,-59.37638089,-66.26774827,-65.39078293,-68.49812739,-100,-100,-100,-47.74519367,-93.18401949,-91.95926289,-69.8061505,-71.35427295,-71.35427295,-100,-87.09414855,-87.81446924,-39.68176593,-36.56359543,-41.24117884,-81.11431403,-100,-100,-100,-100,-100,-69.32567158,-100,-70.88962349,-82.10610426,-82.10610426,-74.72301822,-100,-71.18690865,-63.83748627,-63.16830277,-63.83748627,-93.39742577,-96.36802836,-100,-100,-100,-88.72591073,-88.72591073,-63.08066565,-100,-59.85320608,-61.32910734,-59.43210631,-99.7224371,-91.64498741,-94.88945493,-95.10903105,-94.74950792,-95.10903105,-100,-100,-91.80520543,-91.80520543,-51.66219726,-99.02449912,-50.06102415,-100,-33.0237278,-69.50897691,-65.26119455,-100,-79.51743272,-93.44049967,-100,-94.81595977,-50.59813104,-98.27395793,-45.71869059,-100,-98.31600908,-55.78212421,-46.7196106,-100,-100,-100,-61.0446783
1.74766E+12,8.250054489,2.958698753,-100,-31.48801328,-98.22668509,-100,-98.98751668,-99.04543435,-66.64868736,-66.31919428,,-36.65239567,,-91.29453125,-55.46028278,-100,-95.08644518,-45.3949959,-37.82841243,-36.56186317,-100,-57.44787982,-100,-78.7644343,-85.65415373,-95.32181098,-100,-100,-100,-98.98751668,-100,-100,-99.99789141,-99.64108131,-94.15226372,-94.15226372,-94.54211281,-48.00362918,-100,-70.92017163,-85.51488697,-100,-100,-100,-37.77190035,-41.19123726,-91.32640737,-54.67105366,-54.88259541,-100,-32.90058564,-32.90058564,-34.4616872,-100,-66.22131586,-47.44589444,-84.44817042,-82.93822907,-81.60387947,-100,-100,-77.04400558,-65.64789991,-65.64789991,-64.44138522,-100,-100,-59.55110898,-65.26228294,-64.44286139,-67.52787719,-100,-100,-100,-45.62332466,-91.11070604,-89.66126166,-69.57252323,-71.12476702,-71.12476702,-100,-88.26435674,-89.04833165,-39.62758488,-36.5009522,-41.19123726,-83.26089598,-100,-100,-100,-100,-100,-69.35193663,-100,-70.92017163,-83.07148467,-83.07148467,-76.83588693,-100,-73.21745233,-64.6157653,-63.88659985,-64.6157653,-91.57707493,-95.02427247,-100,-100,-100,-89.5161388,-89.5161388,-63.09002733,-100,-58.92161042,-60.39683129,-58.52065191,-99.85344864,-90.02340239,-93.52217717,-94.07842473,-93.61542149,-94.07842473,-100,-100,-90.23509049,-90.23509049,-51.26398345,-98.65238506,-49.1138808,-100,-31.49421484,-70.43250411,-66.47430852,-100,-81.79086252,-91.34573782,-100,-97.28238974,-50.57359716,-97.87805224,-45.33343732,-100,-97.54024404,-55.33699877,-46.62778274,-100,-100,-100,-59.62060927
1.74766E+12,7.550879392,2.992672026,-100,-32.3790752,-97.91262524,-100,-99.0411757,-99.10470227,-68.01996957,-67.68120123,,-36.78692752,,-89.86818015,-56.84462435,-100,-94.5599076,-46.26396735,-36.93442863,-35.42482241,-100,-56.35569248,-100,-79.27779062,-86.02620536,-94.61066775,-100,-100,-100,-99.0411757,-100,-100,-100,-99.75027269,-93.26333468,-93.26333468,-93.7124457,-48.78397615,-100,-71.59062202,-87.02743235,-100,-100,-100,-38.67941772,-42.45661391,-89.20665886,-53.99114602,-54.26288992,-100,-32.12211284,-32.12211284,-33.65198602,-100,-66.98583307,-48.58612575,-86.40051507,-84.92110012,-83.43338173,-100,-100,-79.62149114,-66.7915556,-66.7915556,-65.67530489,-100,-100,-60.61320597,-64.19286262,-63.44029465,-66.44080631,-100,-100,-100,-44.22872259,-88.76462133,-87.14400796,-70.0374614,-71.5586129,-71.5586129,-100,-89.51184541,-90.33210568,-40.92424336,-37.86017237,-42.45661391,-85.43321845,-100,-100,-100,-100,-100,-70.05374856,-100,-71.59062202,-84.25411107,-84.25411107,-79.11055625,-100,-75.50665148,-65.65729223,-64.89124751,-65.65729223,-89.41888937,-93.48961399,-99.93091892,-100,-100,-90.41156146,-90.41156146,-63.91721028,-100,-58.59830952,-60.03994833,-58.24987412,-99.97915557,-88.23481072,-91.89681993,-92.94938471,-92.36616882,-92.94938471,-100,-100,-88.50687328,-88.50687328,-51.99195916,-98.34074235,-49.18916866,-100,-31.32872822,-71.84581414,-67.88175549,-100,-84.11081711,-88.79445866,-100,-99.40480151,-51.65124376,-97.56451655,-46.2059728,-100,-96.66647801,-55.93166304,-47.73456732,-100,-100,-100,-58.72953874
1.74766E+12,6.850903039,2.998425718,-100,-35.06720591,-97.69661653,-100,-99.11842455,-99.18500493,-69.4068961,-69.03587425,,-37.27431349,,-88.32336765,-58.38996029,-100,-94.25807403,-48.53576737,-37.18238448,-35.48317348,-100,-55.87757358,-100,-80.30039106,-86.73844932,-93.85028211,-100,-100,-100,-99.11842455,-100,-100,-100,-99.85522945,-92.31285264,-92.31285264,-92.82532913,-50.90829069,-100,-72.96765241,-88.63645795,-100,-100,-100,-41.20147459,-45.17617234,-86.74327845,-53.69967536,-54.04121508,-100,-32.6322527,-32.6322527,-34.09165361,-100,-68.57511001,-51.02326585,-88.38405695,-86.97288154,-85.38460703,-100,-100,-82.28594614,-67.93972728,-67.93972728,-66.95821614,-100,-100,-62.64575549,-63.05969638,-62.38367503,-65.23108503,-100,-100,-100,-43.65621003,-86.13601285,-84.41406527,-71.28423079,-72.73530962,-72.73530962,-100,-90.83335008,-91.6589517,-43.71440194,-40.79150845,-45.17617234,-87.61853302,-100,-100,-100,-100,-100,-71.50159422,-100,-72.96765241,-85.66754036,-85.66754036,-81.55150959,-100,-78.06899103,-66.99274055,-66.21761893,-66.99274055,-86.8900611,-91.75861519,-99.78774173,-100,-100,-91.41589786,-91.41589786,-65.64790394,-100,-58.94685961,-60.31860545,-58.68552711,-100,-86.27036025,-89.98702605,-91.71883605,-90.99745127,-91.71883605,-100,-100,-86.61236864,-86.61236864,-53.97974694,-98.11335703,-50.41191446,-100,-32.69976086,-73.80086791,-69.5041848,-100,-86.45924414,-85.73819307,-100,-100,-53.94715218,-97.35998783,-48.48283784,-100,-95.69611659,-57.69281214,-50.16849686,-100,-100,-100,-58.43626925
1.74766E+12,6.150917811,3.002973337,-100,-39.74733847,-97.60409871,-100,-99.21871395,-99.28526359,-70.80779822,-70.38228542,,-38.15439938,,-86.65524025,-60.10873303,-100,-94.22973427,-52.35691714,-38.70045938,-36.87864499,-100,-56.08291799,-100,-81.87986935,-87.82201354,-93.0392287,-100,-100,-100,-99.21871395,-100,-100,-100,-99.9498827,-91.29903588,-91.29903588,-91.87910015,-54.5188472,-100,-75.11794058,-90.3385688,-100,-100,-100,-45.50962013,-49.48877607,-83.9070192,-53.8456257,-54.26722932,-100,-34.57504766,-34.57504766,-35.92094165,-100,-71.0672329,-54.88099068,-90.38446732,-89.08289341,-87.46269077,-100,-100,-85.03633304,-69.09274588,-69.09274588,-68.29448601,-100,-100,-65.73184117,-61.86299332,-61.27359485,-63.89288366,-100,-100,-100,-44.00060956,-83.21512807,-81.4779971,-73.39609715,-74.73435621,-74.73435621,-100,-92.22560626,-93.02203011,-48.14072121,-45.44521297,-49.48877607,-89.80409129,-100,-100,-100,-100,-100,-73.76596045,-100,-75.11794058,-87.32532946,-87.32532946,-84.16323034,-100,-80.91895591,-68.65278378,-67.9010873,-68.65278378,-83.95778215,-89.82583836,-99.67420967,-100,-100,-92.53286714,-92.53286714,-68.36779776,-100,-60.03081691,-61.29294966,-59.89336503,-100,-84.12119886,-87.76643838,-90.38370383,-89.50497022,-90.38370383,-100,-100,-84.54339137,-84.54339137,-57.36096934,-97.99401516,-52.90714496,-100,-35.77980571,-76.34962629,-71.36224579,-100,-88.81809125,-82.12847196,-100,-100,-57.57740378,-97.29110305,-52.31057322,-100,-94.63056542,-60.74714124,-54.05810391,-100,-100,-100,-58.80560338
1.74766E+12,5.450932792,2.998393629,-100,-46.61440589,-97.66051154,-100,-99.34149461,-99.40439954,-72.22100718,-71.71950683,,-39.46703096,,-84.85894449,-62.01338499,-100,-94.52367811,-57.87393788,-41.61683273,-39.75296555,-100,-57.04112055,-100,-84.06385924,-89.30802591,-92.17608216,-100,-100,-100,-99.34149461,-100,-100,-100,-100,-90.2201027,-90.2201027,-90.87209586,-59.75792011,-100,-78.10816429,-92.13036989,-100,-100,-100,-51.77540353,-55.53328865,-80.66863412,-54.47798101,-54.99059107,-100,-38.09454012,-38.09454012,-39.28010184,-100,-74.54028798,-60.28297614,-92.38741739,-91.24045578,-89.67276832,-100,-100,-87.87161432,-70.2509423,-70.2509423,-69.68848152,-100,-100,-69.95454664,-60.60296253,-60.11064643,-62.4203725,-100,-100,-100,-45.35674375,-79.99221449,-78.34236695,-76.45632627,-77.6352517,-77.6352517,-100,-93.68534945,-94.41450128,-54.34586176,-51.97153846,-55.53328865,-91.97714484,-100,-100,-100,-100,-100,-76.91733408,-100,-78.10816429,-89.24103526,-89.24103526,-86.9502019,-100,-84.07103107,-70.66809542,-69.97702578,-70.66809542,-80.58924454,-87.68584578,-99.60043448,-100,-100,-93.76618845,-93.76618845,-72.16258119,-100,-61.91373763,-63.02312794,-61.93914203,-100,-81.77847441,-85.20869975,-88.94091314,-87.88442704,-88.94091314,-100,-100,-82.29175629,-82.29175629,-62.26924892,-98.00650279,-56.79988689,-100,-40.7413557,-79.54405015,-73.47658778,-100,-91.16930608,-77.91682621,-100,-100,-62.65807993,-97.38449919,-57.83571975,-100,-93.47123012,-65.22134548,-59.531921,-100,-100,-100,-59.9023437
1.74766E+12,4.750989354,3.007292146,-100,-55.86334121,-97.89129475,-100,-99.48621726,-99.54133403,-73.64485426,-73.04661056,,-41.25205405,,-82.92962688,-64.1163586,-100,-95.18869535,-65.23335078,-46.05968396,-44.24786374,-100,-58.82157612,-100,-86.89999445,-91.22761436,-91.25941713,-100,-100,-100,-99.48621726,-100,-100,-100,-100,-89.07427142,-89.07427142,-89.80265332,-66.76778383,-100,-82.0050013,-94.00846625,-100,-100,-100,-60.17037395,-63.44857363,-76.99887627,-55.64572528,-56.26095874,-100,-43.3347725,-43.3347725,-44.30938589,-100,-79.07236147,-67.35289818,-94.37857842,-93.43488873,-92.01997508,-100,-100,-90.79075245,-71.41464747,-71.41464747,-71.1445697,-100,-100,-75.39695555,-59.27981308,-58.89542209,-60.80772187,-100,-100,-100,-47.81943519,-76.45751959,-75.01373832,-80.54818391,-81.5174951,-81.5174951,-100,-95.20931517,-95.82952559,-62.47248417,-60.52073742,-63.44857363,-94.12494527,-100,-100,-100,-100,-100,-81.02620196,-100,-82.0050013,-91.42821468,-91.42821468,-89.91690766,-100,-87.53970143,-73.06934899,-72.48080758,-73.06934899,-76.75164031,-85.33319973,-99.57652792,-100,-100,-95.11958095,-95.11958095,-77.11794369,-100,-64.65917801,-65.5692873,-64.88861229,-100,-79.23333475,-82.28745301,-87.38738904,-86.1315231,-87.38738904,-100,-100,-79.84927822,-79.84927822,-68.83820821,-98.17460598,-62.21516701,-99.92984006,-47.75690378,-83.43610038,-75.86786012,-100,-93.49483629,-73.05478672,-100,-100,-69.30526199,-97.66681322,-65.20481821,-100,-92.21951631,-71.24212002,-66.71848068,-100,-100,-100,-61.79129277
1.74766E+12,4.050999035,3.003610652,-100,-67.68907746,-98.32188809,-100,-99.65233259,-99.69498834,-75.07767071,-74.36266868,,-43.54931444,,-80.86243395,-66.43009629,-100,-96.27357579,-74.58167703,-52.15719246,-50.50506817,-100,-61.49367956,-100,-90.43590871,-93.6119068,-90.28780825,-100,-100,-100,-99.65233259,-100,-100,-100,-100,-87.85976031,-87.85976031,-88.66910962,-75.69071277,-100,-86.87512937,-95.96946287,-100,-100,-100,-70.86608057,-73.37349452,-72.86849869,-57.3978425,-58.12799075,-100,-50.43978724,-50.43978724,-51.1490455,-100,-84.7415396,-76.21443272,-96.34362164,-95.65551231,-94.50944644,-100,-100,-93.79270989,-72.58419229,-72.58419229,-72.66711758,-100,-100,-82.14215151,-57.89375408,-57.62851413,-59.04910205,-100,-100,-100,-51.48350646,-72.60129085,-71.49867471,-85.75493584,-86.46058545,-86.46058545,-100,-96.79423893,-97.26026344,-72.66324904,-71.2430624,-73.37349452,-96.23474416,-100,-100,-100,-100,-100,-86.16305091,-100,-86.87512937,-93.90042462,-93.90042462,-93.06783103,-100,-91.33945192,-75.88721799,-75.44780586,-75.88721799,-72.41216146,-82.76246249,-99.61260173,-100,-100,-96.59676377,-96.59676377,-83.3195747,-100,-68.33069425,-68.99157473,-68.80752994,-100,-76.47692775,-78.97634099,-85.72005662,-84.24195978,-85.72005662,-100,-100,-77.20777199,-77.20777199,-77.20146977,-98.52211076,-69.27801206,-99.88235871,-56.99894289,-88.07773787,-78.55671214,-100,-95.7766295,-67.49388439,-100,-100,-77.6350313,-98.16468211,-74.56440942,-100,-90.87682961,-78.93615999,-75.74631548,-100,-100,-100,-64.53725315
1.74766E+12,3.351373855,3.026514953,-100,-82.28654769,-98.97773131,-100,-99.83929134,-99.86428373,-76.5177878,-75.66675328,,-46.39865791,,-78.65251222,-68.96704048,-100,-97.82710921,-86.06543785,-60.03753765,-58.66630744,-100,-65.12682572,-100,-94.71923576,-96.49203114,-89.25983014,-100,-100,-100,-99.83929134,-100,-100,-100,-100,-86.57478768,-86.57478768,-87.46980183,-86.66898134,-100,-92.78522629,-98.00996479,-100,-100,-100,-84.03407256,-85.44691489,-68.2482544,-59.78331666,-60.64134554,-100,-59.55362674,-59.55362674,-59.93933237,-100,-91.62590861,-86.99125566,-98.2682183,-97.89164659,-97.14631779,-100,-100,-96.87644912,-73.75990767,-73.75990767,-74.26049219,-100,-100,-90.27321817,-56.4449946,-56.31051489,-57.13868335,-100,-100,-100,-56.44378013,-68.41377576,-67.80373963,-92.15984785,-92.54402178,-92.54402178,-100,-98.43685623,-98.69987521,-85.06081694,-84.28876589,-85.44691489,-98.29379311,-100,-100,-100,-100,-100,-92.39836779,-100,-92.78522629,-96.67122198,-96.67122198,-96.40745539,-100,-95.48476749,-79.15237594,-78.91339381,-79.15237594,-67.53800004,-79.96819633,-99.71876768,-100,-100,-98.20145607,-98.20145607,-90.85316366,-100,-72.99184257,-73.35013722,-73.76164915,-100,-73.50040128,-75.24900654,-83.93584095,-82.21143844,-83.93584095,-100,-100,-74.35905241,-74.35905241,-87.49265614,-99.0728032,-78.11344879,-99.87265226,-68.63996597,-93.52092348,-81.56379317,-100,-97.99663337,-61.1856501,-100,-100,-87.76346924,-98.90474283,-86.06103415,-100,-89.44457565,-88.43016055,-86.74395795,-100,-100,-100,-68.20502741
1.74766E+12,2.651461671,3.015427334,-100,-100,-100,-100,-100,-100,-78,-77,,-50,,-76,-72,-100,-100,-100,-70,-69,-100,-70,-100,-100,-100,-88,-100,-100,-100,-100,-100,-100,-100,-100,-85,-85,-86,-100,-100,-100,-100,-100,-100,-100,-100,-100,-63,-63,-64,-100,-71,-71,-71,-100,-100,-100,-100,-100,-100,-100,-100,-100,-75,-75,-76,-100,-100,-100,-55,-55,-55,-100,-100,-100,-63,-64,-64,-100,-100,-100,-100,-100,-100,-100,-100,-100,-100,-100,-100,-100,-100,-100,-100,-100,-100,-100,-100,-100,-100,-100,-83,-83,-83,-62,-77,-100,-100,-100,-100,-100,-100,-100,-79,-79,-80,-100,-70,-71,-82,-80,-82,-100,-100,-71,-71,-100,-100,-89,-100,-83,-100,-85,-100,-100,-54,-100,-100,-100,-100,-100,-100,-88,-100,-100,-100,-100,-100,-73
1.74766E+12,1.951949241,3.041549336,-100,-100,-100,-99.45820207,-100,-100,-79.41324895,-78.23529025,,-53.9129773,,-73.78506842,-74.76031807,-87.01320779,-100,-100,-81.65945572,-81.26780489,-100,-75.55382563,-86.30347465,-100,-100,-87.02906484,-100,-100,-100,-100,-100,-99.60450105,-99.7928844,-99.96157111,-83.78633105,-83.78633105,-84.86724231,-100,-100,-100,-100,-95.71862604,-96.05644681,-96.05644681,-100,-100,-57.42117789,-66.65027174,-67.80565712,-99.60310933,-84.38394974,-84.38394974,-83.93279466,-100,-100,-100,-100,-100,-100,-87.02523588,-86.5956837,-100,-76.13117381,-76.13117381,-77.6771897,-99.41159788,-99.41159788,-100,-53.36021057,-53.52361182,-52.83913052,-99.62143063,-99.62143063,-99.62143063,-70.632225,-59.00587644,-59.90050902,-100,-100,-100,-100,-100,-100,-100,-100,-100,-100,-87.98252987,-89.21661805,-89.3263815,-95.04386424,-95.04386424,-100,-100,-100,-100,-100,-100,-87.37009834,-100,-87.14725269,-87.48183144,-87.14725269,-56.05439753,-73.68732641,-100,-100,-96.73329025,-100,-100,-100,-99.64633775,-85.53726037,-85.11667538,-87.03850887,-99.86106272,-66.85158137,-66.44024169,-80.00446017,-77.71032723,-80.00446017,-91.04579926,-92.35091553,-68.00723248,-68.00723248,-100,-100,-100,-99.99434934,-99.80893578,-100,-88.61523964,-100,-100,-46.13330927,-88.99059515,-97.76962685,-100,-100,-100,-99.62306256,-86.31698841,-100,-100,-87.11895179,-100,-94.70685888,-78.56522784
1.74766E+12,1.251950259,3.042743585,-100,-100,-100,-99.18158926,-100,-100,-80.86525554,-79.49788678,,-58.65764481,,-71.1178394,-78.04153632,-71.42052087,-100,-100,-95.65738741,-95.99152027,-100,-82.48646909,-69.79639951,-100,-100,-85.82342691,-100,-100,-100,-100,-100,-99.16274038,-99.43695675,-99.81417108,-82.27928363,-82.27928363,-83.46066473,-100,-100,-100,-100,-90.39719557,-91.13581608,-91.13581608,-100,-100,-51.15585174,-71.22972065,-72.55593076,-99.15413556,-100,-100,-99.41647348,-100,-100,-100,-100,-100,-100,-71.41841566,-70.48413438,-100,-77.32738638,-77.32738638,-79.50924666,-98.58743956,-98.58743956,-100,-51.7246042,-52.05589262,-50.438337,-99.21046,-99.21046,-99.21046,-80.05004135,-53.76598718,-55.70534051,-100,-100,-100,-100,-100,-100,-100,-100,-100,-100,-73.47101662,-76.16541557,-76.41188784,-88.92157613,-88.92157613,-100,-100,-100,-100,-100,-100,-72.13026091,-100,-91.93831852,-92.65542748,-91.93831852,-49.3793405,-70.1898472,-100,-100,-92.61525769,-100,-100,-100,-99.217733,-93.54864227,-92.64494504,-95.49275769,-99.58923473,-63.16158365,-61.30609699,-77.85114521,-75.2311401,-77.85114521,-80.2177815,-83.03030163,-64.48776177,-64.48776177,-100,-100,-100,-100,-100,-100,-92.70090374,-100,-100,-37.29226451,-75.67703335,-94.45969461,-100,-100,-100,-99.17823359,-84.62446639,-100,-100,-71.57343033,-100,-88.18446589,-85.38725914
